,alpha,beta_Market,beta_HML,beta_SMB,beta_WML,beta_IML,pvalue_alpha,pvalue_Market,pvalue_HML,pvalue_SMB,pvalue_WML,pvalue_IML,tvalue_alpha,tvalue_Market,tvalue_HML,tvalue_SMB,tvalue_WML,tvalue_IML,fvalue,f_pvalue,R_squared_adj
2020-12-31,-0.11128340559723776,1.965344793849856,0.44298213737651,2.5800435905883345,1.6844939104202656,-1.0449529887735423,0.19924628829583674,0.033777306795546504,0.5525586145776717,0.11493316577470172,0.10845899626523728,0.3420335009997485,-1.4788269283513422,2.9003405111478,0.6363096263240478,1.9062818607588743,1.9515191272248011,-1.049430081468584,7.837603953691415,0.020623979234638462,0.773694316866891
