,alpha,beta_Market,beta_HML,beta_SMB,beta_WML,beta_IML,pvalue_alpha,pvalue_Market,pvalue_HML,pvalue_SMB,pvalue_WML,pvalue_IML,tvalue_alpha,tvalue_Market,tvalue_HML,tvalue_SMB,tvalue_WML,tvalue_IML,fvalue,f_pvalue,R_squared_adj
2020-12-31,0.03750417136791566,0.7036785848326679,0.17310168087888533,-0.24044096498888418,-0.25917512101397344,0.16302566692545664,0.0573981515519297,0.0037050003808139793,0.2747507929916594,0.42110639903356545,0.1987915045550104,0.4561438651333582,2.457592539196939,5.120683498132431,1.2261029220018624,-0.8760157153583865,-1.48060782439402,0.8073393212026951,27.137590034576295,0.0012446313318159937,0.9289207072267973
