,alpha,beta_Market,beta_HML,beta_SMB,beta_WML,beta_IML,pvalue_alpha,pvalue_Market,pvalue_HML,pvalue_SMB,pvalue_WML,pvalue_IML,tvalue_alpha,tvalue_Market,tvalue_HML,tvalue_SMB,tvalue_WML,tvalue_IML,fvalue,f_pvalue,R_squared_adj
2020-12-31,0.0392728568740136,0.42257237683779714,0.39496158425524763,0.14505457270092548,-0.09906808774094489,0.15317864830307792,0.351752662673833,0.2746146468103481,0.31523592399822853,0.8413736795996283,0.8303468998936732,0.7744081597917879,1.0264429051307764,1.2264975933487225,1.1158157710294512,0.2107884721149764,-0.22573167650995088,0.302559190350748,3.7729010817487563,0.08568038962597258,0.5809676409075684
