,alpha,beta_Market,beta_HML,beta_SMB,beta_WML,beta_IML,pvalue_alpha,pvalue_Market,pvalue_HML,pvalue_SMB,pvalue_WML,pvalue_IML,tvalue_alpha,tvalue_Market,tvalue_HML,tvalue_SMB,tvalue_WML,tvalue_IML,fvalue,f_pvalue,R_squared_adj
2020-12-31,0.03434430509345666,0.6883489809795876,0.1821709604643531,-0.25369552275301155,-0.26474822365783757,0.16510658534699318,0.0655622413589421,0.0033804288966188304,0.2356997091614736,0.37879745250364993,0.1751075039776962,0.4322210456243059,2.3499742790126708,5.230465513811287,1.3473575500734507,-0.9651488725416583,-1.5792753430813864,0.85377333167228,28.92165228300742,0.0010698029694239293,0.9331587714113032
