,alpha,beta_Market,beta_HML,beta_SMB,beta_WML,beta_IML,pvalue_alpha,pvalue_Market,pvalue_HML,pvalue_SMB,pvalue_WML,pvalue_IML,tvalue_alpha,tvalue_Market,tvalue_HML,tvalue_SMB,tvalue_WML,tvalue_IML,fvalue,f_pvalue,R_squared_adj
2020-12-31,0.0038473629413715432,1.0869143543708548,0.04387461104018131,0.1928565989812083,0.19039062493335313,-0.20097631626176438,0.7538615848668357,0.00014202533111386923,0.6999053238944026,0.3982123925030637,0.2123190571294698,0.24782573767009786,0.33128705640911216,10.393454729056398,0.4083663297671574,0.9233129861605168,1.4292338537638594,-1.3078441870669906,68.16476597010691,0.00013443907371790256,0.97108354272659
