,alpha,beta_Market,beta_HML,beta_SMB,beta_WML,beta_IML,pvalue_alpha,pvalue_Market,pvalue_HML,pvalue_SMB,pvalue_WML,pvalue_IML,tvalue_alpha,tvalue_Market,tvalue_HML,tvalue_SMB,tvalue_WML,tvalue_IML,fvalue,f_pvalue,R_squared_adj
2020-12-31,0.16962046302494577,-0.10169563419667615,0.16731609145478488,-0.5456422094630787,-1.5403095271207277,0.2764721166507571,0.035370364420903036,0.8564265698678842,0.7726270887737456,0.6306622555422555,0.0729049910044681,0.7389028665963384,2.860871597176994,-0.19047839566002858,0.30503745534618404,-0.5116832611671622,-2.2648766162870926,0.35240436027032285,1.7573333651804939,0.27555355470027304,0.27466151708171105
