,alpha,beta_Market,beta_HML,beta_SMB,beta_WML,beta_IML,pvalue_alpha,pvalue_Market,pvalue_HML,pvalue_SMB,pvalue_WML,pvalue_IML,tvalue_alpha,tvalue_Market,tvalue_HML,tvalue_SMB,tvalue_WML,tvalue_IML,fvalue,f_pvalue,R_squared_adj
2020-12-31,0.12123015096219596,-0.0648102690941344,0.004661727948277128,-0.2690194953311952,0.010990650836231797,0.8716083436858857,0.14346832144648805,0.9220124046973213,0.9945283892211574,0.8390524214331636,0.9895959850067121,0.38938935512533074,1.7339007674304647,-0.10293918164115717,0.007207022117620931,-0.2139294014198974,0.013704191804628537,0.9421168817670463,0.8560058149250173,0.565656339345717,-0.0775828307848272
