,alpha,beta_Market,beta_HML,beta_SMB,beta_WML,beta_IML,pvalue_alpha,pvalue_Market,pvalue_HML,pvalue_SMB,pvalue_WML,pvalue_IML,tvalue_alpha,tvalue_Market,tvalue_HML,tvalue_SMB,tvalue_WML,tvalue_IML,fvalue,f_pvalue,R_squared_adj
2020-12-31,0.056742962149302204,0.4125686913689834,-0.15528547054940098,-0.4973109551353133,-0.20848658667478595,0.3837749743317713,0.3031018372454839,0.39922626329570043,0.719899059927982,0.6560754339409914,0.7509439788068232,0.5909158948603368,1.1807902729944029,0.9426667024320792,-0.3849034914482318,-0.4803377934271139,-0.34002364187827794,0.5834316231500858,0.8128778805537525,0.5960651292100432,-0.11601753716282737
