,alpha,beta_Market,beta_HML,beta_SMB,beta_WML,beta_IML,pvalue_alpha,pvalue_Market,pvalue_HML,pvalue_SMB,pvalue_WML,pvalue_IML,tvalue_alpha,tvalue_Market,tvalue_HML,tvalue_SMB,tvalue_WML,tvalue_IML,fvalue,f_pvalue,R_squared_adj
2020-12-31,0.02901774294789037,0.6376847427254418,-0.016370480685260425,0.6838635783520182,0.14957765471917384,-0.029370920256534705,0.3694796077774872,0.061174014331096406,0.9543907495351005,0.2529183860752387,0.6762578461933437,0.9428121536396463,0.9858474209869158,2.4058879413069105,-0.06011776744294741,1.2917803660660265,0.4430260051222434,-0.07541078188479185,6.921777463683821,0.026700917027602744,0.7475314083021525
