,alpha,beta_Market,beta_HML,beta_SMB,beta_WML,beta_IML,pvalue_alpha,pvalue_Market,pvalue_HML,pvalue_SMB,pvalue_WML,pvalue_IML,tvalue_alpha,tvalue_Market,tvalue_HML,tvalue_SMB,tvalue_WML,tvalue_IML,fvalue,f_pvalue,R_squared_adj
2020-12-31,0.03733597310588067,0.4998254063792385,0.20929629485206186,-0.345788630405555,0.052487905482069,0.5008651334807726,0.37884829382958835,0.21084159008340653,0.5841038686700286,0.6403101851372528,0.9104545842103775,0.3728197764687943,0.9650370792821837,1.434690250119196,0.584754270803581,-0.4969358907037928,0.11827479192860721,0.9783790393875214,2.7558601012442208,0.14507759497022835,0.46749880291402457
