,alpha,beta_Market,beta_HML,beta_SMB,beta_WML,beta_IML,pvalue_alpha,pvalue_Market,pvalue_HML,pvalue_SMB,pvalue_WML,pvalue_IML,tvalue_alpha,tvalue_Market,tvalue_HML,tvalue_SMB,tvalue_WML,tvalue_IML,fvalue,f_pvalue,R_squared_adj
2020-12-31,0.01689447935686504,0.7034135595597137,-0.18581548170406864,-0.6625010672205375,0.19666961397610166,0.8497837013563004,0.580010704079996,0.04107485825083935,0.513414763499806,0.2537126513165716,0.5745774051229017,0.07447467951849661,0.5913433424322476,2.7341915002816743,-0.7030272057131776,-1.2893018651699162,0.6001344936230959,2.2478799338660744,5.231564843884568,0.046713163752779174,0.6790533276785642
