,alpha,beta_Market,beta_HML,beta_SMB,beta_WML,beta_IML,pvalue_alpha,pvalue_Market,pvalue_HML,pvalue_SMB,pvalue_WML,pvalue_IML,tvalue_alpha,tvalue_Market,tvalue_HML,tvalue_SMB,tvalue_WML,tvalue_IML,fvalue,f_pvalue,R_squared_adj
2020-12-31,0.05675395817089738,0.528950933438068,-0.685793978378945,0.9712991940846712,0.0997505926583103,-0.3229379876209314,0.11024871619509141,0.10108333574347214,0.05238395056207206,0.12437737419963757,0.7783604523009806,0.4424410105615509,1.938739644092773,2.0066055860910477,-2.5322835840368816,1.8448008631576358,0.29706757058018785,-0.8337047656692963,4.351268098217832,0.06620133282234224,0.6262568117889526
