,alpha,beta_Market,beta_HML,beta_SMB,beta_WML,beta_IML,pvalue_alpha,pvalue_Market,pvalue_HML,pvalue_SMB,pvalue_WML,pvalue_IML,tvalue_alpha,tvalue_Market,tvalue_HML,tvalue_SMB,tvalue_WML,tvalue_IML,fvalue,f_pvalue,R_squared_adj
2020-12-31,-0.00509618887113545,0.7995582076392179,-0.09364686150022469,-0.18366271875392684,0.31104865385259217,0.2958805768038263,0.8683664968919484,0.028776403620469772,0.7430871053483383,0.7409323416585758,0.39591221464914883,0.4785985733114297,-0.17443526747383933,3.0392201502373672,-0.34647934060291247,-0.34952876202313077,0.9281828317750217,0.7653763724192753,4.692366682936841,0.05750647876346834,0.6486522897417868
