,alpha,beta_Market,beta_HML,beta_SMB,beta_WML,beta_IML,pvalue_alpha,pvalue_Market,pvalue_HML,pvalue_SMB,pvalue_WML,pvalue_IML,tvalue_alpha,tvalue_Market,tvalue_HML,tvalue_SMB,tvalue_WML,tvalue_IML,fvalue,f_pvalue,R_squared_adj
2020-12-31,-0.02476634996293709,1.0179057647226901,-0.006611685423899477,0.3902947142944141,0.7147613203596467,0.1702122258077579,0.4452253290323213,0.01288254572927151,0.9818554360880818,0.5005231558176868,0.09159269749534173,0.6849514405548152,-0.8282983317725016,3.7805557688102565,-0.023901893131411115,0.7257559089528114,2.08402175521062,0.4302147995676947,9.46819500844544,0.013783423848125736,0.8089450952732102
