,alpha,beta_Market,beta_HML,beta_SMB,beta_WML,beta_IML,pvalue_alpha,pvalue_Market,pvalue_HML,pvalue_SMB,pvalue_WML,pvalue_IML,tvalue_alpha,tvalue_Market,tvalue_HML,tvalue_SMB,tvalue_WML,tvalue_IML,fvalue,f_pvalue,R_squared_adj
2020-12-31,-0.0070104543051032545,0.9481095625101007,-0.15475084383269663,0.7631486413161264,0.7181642222152966,-0.3270441348631186,0.8245516964909021,0.017127531886831786,0.6012812551809132,0.21651770275913476,0.09132419154500201,0.44765247806109454,-0.23360900717680136,3.5085303805903476,-0.5574061852583866,1.4139227609403235,2.086332920717438,-0.8236061861304617,5.860379872746388,0.037385198279122664,0.7084709539270237
