,alpha,beta_Market,beta_HML,beta_SMB,beta_WML,beta_IML,pvalue_alpha,pvalue_Market,pvalue_HML,pvalue_SMB,pvalue_WML,pvalue_IML,tvalue_alpha,tvalue_Market,tvalue_HML,tvalue_SMB,tvalue_WML,tvalue_IML,fvalue,f_pvalue,R_squared_adj
2020-12-31,0.012621116068292476,0.7450757230735072,-0.061012937639063874,0.07583879209905531,0.18379925470754177,0.07963714188095522,0.3856727107144964,0.001560308211960879,0.6406055838899096,0.7637414230154337,0.28166547188829266,0.6694745661257182,0.9501403760046967,6.228933864557807,-0.49648631903520174,0.31743480996044576,1.2062857117674133,0.45308062644547836,22.394508637220202,0.001958972963146134,0.9145098522472048
