,alpha,beta_Market,beta_HML,beta_SMB,beta_WML,beta_IML,pvalue_alpha,pvalue_Market,pvalue_HML,pvalue_SMB,pvalue_WML,pvalue_IML,tvalue_alpha,tvalue_Market,tvalue_HML,tvalue_SMB,tvalue_WML,tvalue_IML,fvalue,f_pvalue,R_squared_adj
2020-12-31,0.11624403258150806,-0.29145551595497177,-0.13547912290573455,0.06682245056403724,-0.5737816188311159,-0.15595758529003956,0.02551429537158655,0.4212344875248344,0.7082742947746996,0.9238323065077368,0.2338717354435968,0.7626888317872067,3.145274994816763,-0.8757568189475085,-0.3962375849824882,0.10052717602073187,-1.3534774075766778,-0.31890716091916965,1.0004637526390334,0.49980322290024143,0.0002318225653534789
