,alpha,beta_Market,beta_HML,beta_SMB,beta_WML,beta_IML,pvalue_alpha,pvalue_Market,pvalue_HML,pvalue_SMB,pvalue_WML,pvalue_IML,tvalue_alpha,tvalue_Market,tvalue_HML,tvalue_SMB,tvalue_WML,tvalue_IML,fvalue,f_pvalue,R_squared_adj
2020-12-31,0.025519258791135695,0.801050172275322,-0.055411153191723794,-0.5803455080569494,0.15776162398123028,0.5183604979565953,0.2526331070380646,0.006363536518521395,0.7738050465782191,0.16308543194935232,0.5170510200086283,0.10399587695786604,1.292672323177346,4.506126778203074,-0.30339814405429333,-1.6344820335613068,0.6966877705969863,1.9843675059394812,11.527258878338346,0.008957076060476505,0.8403481544188152
