,alpha,beta_Market,beta_HML,beta_SMB,beta_WML,beta_IML,pvalue_alpha,pvalue_Market,pvalue_HML,pvalue_SMB,pvalue_WML,pvalue_IML,tvalue_alpha,tvalue_Market,tvalue_HML,tvalue_SMB,tvalue_WML,tvalue_IML,fvalue,f_pvalue,R_squared_adj
2020-12-31,0.020080828972306494,0.7220946030617689,-0.13905446244192338,-0.14041967704481048,0.17015632911630552,0.28621531904156816,0.31098580010584986,0.006401649004866276,0.4374738608260187,0.6796018866336305,0.44311865970294184,0.2790487650989904,1.1267879048453624,4.4996416920953894,-0.8434140018810716,-0.4380882838202427,0.8323865835116657,1.2137331900882822,10.82948519185508,0.010281843463645435,0.8309309350691731
