,alpha,beta_Market,beta_HML,beta_SMB,beta_WML,beta_IML,pvalue_alpha,pvalue_Market,pvalue_HML,pvalue_SMB,pvalue_WML,pvalue_IML,tvalue_alpha,tvalue_Market,tvalue_HML,tvalue_SMB,tvalue_WML,tvalue_IML,fvalue,f_pvalue,R_squared_adj
2020-12-31,-0.015817187354684063,1.0457021227598973,-0.8530540035688894,-1.5235692674296264,-0.33188134723512275,0.3047713245209474,0.08177925060139116,0.01145509761242987,0.03766322875024006,0.037307878188834756,0.18237988648795847,0.18281796113497112,-7.741745754141566,55.56923966752202,-16.883227630649436,-17.04441128323578,-3.394604403372294,3.386006849384883,1129.4424787080227,0.022586810049561465,0.9989377170010705
