,alpha,beta_Market,beta_HML,beta_SMB,beta_WML,beta_IML,pvalue_alpha,pvalue_Market,pvalue_HML,pvalue_SMB,pvalue_WML,pvalue_IML,tvalue_alpha,tvalue_Market,tvalue_HML,tvalue_SMB,tvalue_WML,tvalue_IML,fvalue,f_pvalue,R_squared_adj
2020-12-31,-0.026090538538704005,1.2632964837104061,-1.681046692035372,-1.828484629117171,-1.8089591575144188,-0.2619920905725732,0.680089396442509,0.2121351097619966,0.3881197320935318,0.5404637901199247,0.5718925003675828,0.9206663396406518,-0.5495718024531451,2.8891061897109767,-1.4318267745518474,-0.8803246603741937,-0.796281892323842,-0.12526613064307762,2.2659948943982586,0.46410350939690076,0.5133809876387363
