,alpha,beta_Market,beta_HML,beta_SMB,beta_WML,beta_IML,pvalue_alpha,pvalue_Market,pvalue_HML,pvalue_SMB,pvalue_WML,pvalue_IML,tvalue_alpha,tvalue_Market,tvalue_HML,tvalue_SMB,tvalue_WML,tvalue_IML,fvalue,f_pvalue,R_squared_adj
2020-12-31,-0.01142657514513828,1.0326432020564638,-0.6971382574387388,-1.2993919013727673,-0.30121034220607446,0.28696018876340235,0.42742204118784966,0.05143864846761367,0.19835110303633954,0.18886173846097268,0.6140561606112831,0.6037973764060605,-1.2586152596843871,12.34934781218255,-3.105025234749422,-3.271351602302674,-0.6933355559924242,0.7174681826476671,57.79429959451351,0.09952268490799338,0.9793083111893723
