,alpha,beta_Market,beta_HML,beta_SMB,beta_WML,beta_IML,pvalue_alpha,pvalue_Market,pvalue_HML,pvalue_SMB,pvalue_WML,pvalue_IML,tvalue_alpha,tvalue_Market,tvalue_HML,tvalue_SMB,tvalue_WML,tvalue_IML,fvalue,f_pvalue,R_squared_adj
2020-12-31,-0.010423781318866976,0.8306467109422686,0.03554559281930225,-0.14050672119517427,0.957865876695595,0.12744170029242152,0.11359209554317912,0.013268468861921585,0.5844387608463446,0.33714855600963833,0.05961334741852628,0.3668700728395437,-5.544833952513056,47.97294967272484,0.7645718775559339,-1.7083250475790188,10.647916472460032,1.53878836754641,1535.2079263299684,0.019374195522988958,0.9992184487396334
