,alpha,beta_Market,beta_HML,beta_SMB,beta_WML,beta_IML,pvalue_alpha,pvalue_Market,pvalue_HML,pvalue_SMB,pvalue_WML,pvalue_IML,tvalue_alpha,tvalue_Market,tvalue_HML,tvalue_SMB,tvalue_WML,tvalue_IML,fvalue,f_pvalue,R_squared_adj
2020-12-31,-0.010956774503077624,0.8345981565272792,-0.0094189225794028,-0.2788489988611149,0.9581430009614349,0.17255196803244788,0.23762418038812555,0.030123560814253818,0.9436402240459902,0.3772193985454916,0.13439354501820197,0.5289992375967241,-2.553512584845369,21.117841170404592,-0.08876174073108391,-1.4853695759881131,4.666403514683691,0.9128076685581705,290.3159013026005,0.04452761129553059,0.9958694171485298
