,alpha,beta_Market,beta_HML,beta_SMB,beta_WML,beta_IML,pvalue_alpha,pvalue_Market,pvalue_HML,pvalue_SMB,pvalue_WML,pvalue_IML,tvalue_alpha,tvalue_Market,tvalue_HML,tvalue_SMB,tvalue_WML,tvalue_IML,fvalue,f_pvalue,R_squared_adj
2020-12-31,-0.007678983892027626,1.0357002056141735,-0.39463744409618096,-0.4688770308055026,0.28808671001963126,-0.15611138900988142,0.37530795466538713,0.02905885592396429,0.19824358662550604,0.28452320733097947,0.4496614058769045,0.6155346033500362,-1.495039680788317,21.89272615698507,-3.106823328372277,-2.0864985010967927,1.1721113385451656,-0.6899023672080438,238.82956534798367,0.04908585230554852,0.9949797005309655
