,alpha,beta_Market,beta_HML,beta_SMB,beta_WML,beta_IML,pvalue_alpha,pvalue_Market,pvalue_HML,pvalue_SMB,pvalue_WML,pvalue_IML,tvalue_alpha,tvalue_Market,tvalue_HML,tvalue_SMB,tvalue_WML,tvalue_IML,fvalue,f_pvalue,R_squared_adj
2020-12-31,-0.07836158824673943,1.373623269669516,-0.8388012321793247,-3.455658727304009,2.4945171152192223,2.626701150928556,0.7338860556274783,0.5532188446582454,0.8790779542911322,0.7320115509683627,0.8170883063205812,0.79251390881048,-0.44418876802198887,0.8453738337621297,-0.19226166863808106,-0.44771881393039736,0.2954932134521314,0.33797073116108495,0.41839155942720435,0.8172289953021834,-0.9405180774322346
