,alpha,beta_Market,beta_HML,beta_SMB,beta_WML,beta_IML,pvalue_alpha,pvalue_Market,pvalue_HML,pvalue_SMB,pvalue_WML,pvalue_IML,tvalue_alpha,tvalue_Market,tvalue_HML,tvalue_SMB,tvalue_WML,tvalue_IML,fvalue,f_pvalue,R_squared_adj
2020-12-31,-0.0766183102423046,0.2120839652522169,0.7819197648390204,-2.5300446561029313,5.606743853627295,2.8047231665777166,0.47334986298779197,0.7989120644609786,0.7314660913672871,0.5624741686643512,0.3446697329922627,0.5322197412423989,-1.0874351602480237,0.3268100889158819,0.44874776341403116,-0.8207466971912728,1.6629461923186188,0.9035764162374309,1.3892848606600463,0.5650640462491056,0.24494341467417757
