,alpha,beta_Market,beta_HML,beta_SMB,beta_WML,beta_IML,pvalue_alpha,pvalue_Market,pvalue_HML,pvalue_SMB,pvalue_WML,pvalue_IML,tvalue_alpha,tvalue_Market,tvalue_HML,tvalue_SMB,tvalue_WML,tvalue_IML,fvalue,f_pvalue,R_squared_adj
2020-12-31,-0.023910168715747977,1.151658770008137,-1.249940450460064,-0.32177910242521945,-1.2307900860934575,-0.7880864529650072,0.2370836251575601,0.04746694008426452,0.11633407804616615,0.5753571488251629,0.2217567145996182,0.30633851285655755,-2.5599120721902953,13.386993303729955,-5.411292819232124,-0.7874271764461587,-2.7537409148015928,-1.9152274342200264,55.098887462804505,0.10191075374370118,0.9782997442614527
