,alpha,beta_Market,beta_HML,beta_SMB,beta_WML,beta_IML,pvalue_alpha,pvalue_Market,pvalue_HML,pvalue_SMB,pvalue_WML,pvalue_IML,tvalue_alpha,tvalue_Market,tvalue_HML,tvalue_SMB,tvalue_WML,tvalue_IML,fvalue,f_pvalue,R_squared_adj
2020-12-31,0.0012590983272217273,1.0043746526557027,-1.5609788871572463,-0.6283484799377583,-0.6871642678451513,-0.37160549729025794,0.9863964482992941,0.3153434252250148,0.47806962582240725,0.8477769399272922,0.8477949763493808,0.9094677099688955,0.02137166197224626,1.8509351913995282,-1.0713835731316597,-0.24377511730914053,-0.24374510233171864,-0.14317423248704317,1.1022236834866541,0.6154150009591458,0.0784993275601884
