,alpha,beta_Market,beta_HML,beta_SMB,beta_WML,beta_IML,pvalue_alpha,pvalue_Market,pvalue_HML,pvalue_SMB,pvalue_WML,pvalue_IML,tvalue_alpha,tvalue_Market,tvalue_HML,tvalue_SMB,tvalue_WML,tvalue_IML,fvalue,f_pvalue,R_squared_adj
2020-12-31,-0.002790424513515216,1.0841313077761492,-0.6855607035037088,-0.9169897927764632,-0.4076406049440544,0.3792788965529712,0.7066646797132474,0.030379660139058566,0.12736416466341965,0.16681486032635037,0.37132834947444127,0.3682426913789058,-0.49640820118516077,20.93955147394679,-4.931555100076971,-3.7285788059784433,-1.515454099737461,1.531550891003666,159.06047711407783,0.06012251206224607,0.99246517389785
