,alpha,beta_Market,beta_HML,beta_SMB,beta_WML,beta_IML,pvalue_alpha,pvalue_Market,pvalue_HML,pvalue_SMB,pvalue_WML,pvalue_IML,tvalue_alpha,tvalue_Market,tvalue_HML,tvalue_SMB,tvalue_WML,tvalue_IML,fvalue,f_pvalue,R_squared_adj
2020-12-31,-0.007322667318400731,0.8415373394557195,-0.2321781176857286,-0.3496456248782396,0.797544971958623,0.05574827704345253,0.8489637586908007,0.203754407697592,0.8086211723621016,0.8357453563775972,0.6797080127800914,0.9734140715455613,-0.2418009761046232,3.017025324985591,-0.31001259361733113,-0.263892471104445,0.5503520739370398,0.0417853726439872,5.334183585296728,0.31692852225418444,0.7831658488547122
