,alpha,beta_Market,beta_HML,beta_SMB,beta_WML,beta_IML,pvalue_alpha,pvalue_Market,pvalue_HML,pvalue_SMB,pvalue_WML,pvalue_IML,tvalue_alpha,tvalue_Market,tvalue_HML,tvalue_SMB,tvalue_WML,tvalue_IML,fvalue,f_pvalue,R_squared_adj
2020-12-31,-0.030544107499885446,0.8244400297259825,-0.19041822668820751,-0.9239498338686676,0.8096631196152534,0.6537936961986155,0.025070269728644876,0.008558723064255619,0.09870374487477576,0.03623956896065596,0.04520424662012106,0.051513009429387406,-25.38028723856638,74.3780833431088,-6.398039461376574,-17.54800060835757,14.059508250195101,12.331443182983875,3009.126349395271,0.013839320829666463,0.9996012396594205
