,alpha,beta_Market,beta_HML,beta_SMB,beta_WML,beta_IML,pvalue_alpha,pvalue_Market,pvalue_HML,pvalue_SMB,pvalue_WML,pvalue_IML,tvalue_alpha,tvalue_Market,tvalue_HML,tvalue_SMB,tvalue_WML,tvalue_IML,fvalue,f_pvalue,R_squared_adj
2020-12-31,-0.008158779333369089,0.8340912757137581,-0.264322229101925,-0.5113672374247358,0.7051641211296255,0.0393849674090494,0.8505141591054238,0.22929710155968208,0.8066619734718922,0.7898112685916842,0.7403513232105685,0.9833161548180294,-0.23922473469584554,2.655285918526575,-0.31338910011454146,-0.3427077693397799,0.4320835991142171,0.026212924039973464,4.011108735151117,0.361246639661402,0.7150394170581928
