,alpha,beta_Market,beta_HML,beta_SMB,beta_WML,beta_IML,pvalue_alpha,pvalue_Market,pvalue_HML,pvalue_SMB,pvalue_WML,pvalue_IML,tvalue_alpha,tvalue_Market,tvalue_HML,tvalue_SMB,tvalue_WML,tvalue_IML,fvalue,f_pvalue,R_squared_adj
2020-12-31,-0.02061704600844477,0.8536085290151906,-0.1995959891748717,-0.30364751969157255,0.5516802462827772,-0.4402068094370853,0.3802198405037327,0.09559279739147893,0.6675039981621311,0.7074001981897673,0.5619183524101454,0.605839006228702,-1.4703628559363289,6.6095767201781825,-0.5755978959055685,-0.4949689737048978,0.822208944183782,-0.7126215038666456,27.017597206665794,0.1449913693424662,0.9559108766696678
