,alpha,beta_Market,beta_HML,beta_SMB,beta_WML,beta_IML,pvalue_alpha,pvalue_Market,pvalue_HML,pvalue_SMB,pvalue_WML,pvalue_IML,tvalue_alpha,tvalue_Market,tvalue_HML,tvalue_SMB,tvalue_WML,tvalue_IML,fvalue,f_pvalue,R_squared_adj
2020-12-31,-0.012587800536687763,0.5363728064188644,0.17240216896099325,0.39878130878684814,0.6039300168104419,-0.26701772860801276,0.20903951528247477,0.04679773701450055,0.35109822076948255,0.27997043263334304,0.20853285538160804,0.39202169392273584,-2.935204077581089,13.579132315470142,1.6255505504332963,2.125364389200878,2.9428745232696687,-1.4132943763059787,149.11024214465115,0.06209092746658108,0.9919630429717112
