,alpha,beta_Market,beta_HML,beta_SMB,beta_WML,beta_IML,pvalue_alpha,pvalue_Market,pvalue_HML,pvalue_SMB,pvalue_WML,pvalue_IML,tvalue_alpha,tvalue_Market,tvalue_HML,tvalue_SMB,tvalue_WML,tvalue_IML,fvalue,f_pvalue,R_squared_adj
2020-12-31,-0.006258095149848241,0.912490509290879,-0.2801157926388059,-0.30061859896291554,0.42813573112088876,-0.012705058311404338,0.7741949496600403,0.10754682948253638,0.6240564946956015,0.754129399488338,0.6899922772799568,0.9891358212702708,-0.3703568285442983,5.863046920758744,-0.6703245012729133,-0.40663447570852446,0.529488276873044,-0.01706706887888793,17.878479730381056,0.17757342516064348,0.9336227372048662
