,alpha,beta_Market,beta_HML,beta_SMB,beta_WML,beta_IML,pvalue_alpha,pvalue_Market,pvalue_HML,pvalue_SMB,pvalue_WML,pvalue_IML,tvalue_alpha,tvalue_Market,tvalue_HML,tvalue_SMB,tvalue_WML,tvalue_IML,fvalue,f_pvalue,R_squared_adj
2020-12-31,-0.013488750777605498,0.5241427380985809,-0.2739141333967972,0.0769640465005429,-0.2703184311561905,-0.8915920055878603,0.5369664293356471,0.16568087137569798,0.5981852018421425,0.9264272400695057,0.7728403539612384,0.40916614185201317,-0.8901232036346521,3.7553012692331103,-0.7309070281626245,0.1160850895720408,-0.37277839155568065,-1.335514604435933,7.832620712284556,0.26455450367113975,0.8506091544737322
