,alpha,beta_Market,beta_HML,beta_SMB,beta_WML,beta_IML,pvalue_alpha,pvalue_Market,pvalue_HML,pvalue_SMB,pvalue_WML,pvalue_IML,tvalue_alpha,tvalue_Market,tvalue_HML,tvalue_SMB,tvalue_WML,tvalue_IML,fvalue,f_pvalue,R_squared_adj
2020-12-31,-0.022984194910001775,0.8102761395893192,-0.05088623401063608,0.2770244179488399,0.6157497733710863,-0.13657705720692892,0.01575840155743975,0.004117885302668001,0.17176680549313175,0.05706065983444008,0.028134963574332605,0.11556879602272883,-40.39050159420414,154.59655791692845,-3.6159262669534606,11.127001778657077,22.61262035733439,-5.4479333475606735,14737.383706732533,0.006253854369374626,0.999918575526092
