,alpha,beta_Market,beta_HML,beta_SMB,beta_WML,beta_IML,pvalue_alpha,pvalue_Market,pvalue_HML,pvalue_SMB,pvalue_WML,pvalue_IML,tvalue_alpha,tvalue_Market,tvalue_HML,tvalue_SMB,tvalue_WML,tvalue_IML,fvalue,f_pvalue,R_squared_adj
2020-12-31,-0.021007122800035808,1.1718801109727002,-0.9353930409347834,-0.7641978073675493,-0.8776931738209577,-0.3558349720900358,0.3661781629110382,0.06788654307071611,0.22002870782395995,0.42160247315211996,0.4066115418960803,0.6592168610212581,-1.54245486864615,9.342129737873181,-2.7772139031626377,-1.282513172991525,-1.3467447534020667,-0.5930599609816086,30.206006406485763,0.13723184580982406,0.9605341134262195
