,alpha,beta_Market,beta_HML,beta_SMB,beta_WML,beta_IML,pvalue_alpha,pvalue_Market,pvalue_HML,pvalue_SMB,pvalue_WML,pvalue_IML,tvalue_alpha,tvalue_Market,tvalue_HML,tvalue_SMB,tvalue_WML,tvalue_IML,fvalue,f_pvalue,R_squared_adj
2020-12-31,-0.016521337078836434,0.5274110988364435,-0.25627482681059854,-0.1422272143051342,-0.04044273635765744,-0.5339531511231826,0.271699843397851,0.08305096556871658,0.3993504891131862,0.7400197791994743,0.9286833249696821,0.3532590709375973,-2.1990798015103175,7.621876045573831,-1.3793391115003233,-0.4327017555660507,-0.11249494558320196,-1.6132550582226768,30.84095195798876,0.13583019828217974,0.961341391796743
