,alpha,beta_Market,beta_HML,beta_SMB,beta_WML,beta_IML,pvalue_alpha,pvalue_Market,pvalue_HML,pvalue_SMB,pvalue_WML,pvalue_IML,tvalue_alpha,tvalue_Market,tvalue_HML,tvalue_SMB,tvalue_WML,tvalue_IML,fvalue,f_pvalue,R_squared_adj
2020-12-31,-0.08385719702923122,1.279544343462796,-3.9368184915106097,-0.6758236926797423,-6.87412769108837,-3.7820535656438157,0.41432722710959613,0.27429510089759984,0.24286448983419304,0.8489059950973732,0.26629410852883423,0.40714952904202206,-1.3131891562397053,2.1755000945289544,-2.492881546074524,-0.2418970181109245,-2.2495788557933754,-1.3443696693021467,1.5787907630618288,0.537793117941265,0.32538439881796877
