,alpha,beta_Market,beta_HML,beta_SMB,beta_WML,beta_IML,pvalue_alpha,pvalue_Market,pvalue_HML,pvalue_SMB,pvalue_WML,pvalue_IML,tvalue_alpha,tvalue_Market,tvalue_HML,tvalue_SMB,tvalue_WML,tvalue_IML,fvalue,f_pvalue,R_squared_adj
2020-12-31,-0.006740228556385611,0.8006585322481171,-0.2778839790669817,0.2588520557602383,0.3642673644117695,0.2562416021502607,0.4734569384517277,0.04533138052538306,0.32100111766951916,0.5149142363697752,0.43514944966771374,0.5203354722018276,-1.0870681419614967,14.019944686626198,-1.812236856192469,0.9542099022574105,1.2277193154084618,0.9380713454588386,96.79206092795484,0.07701013843609862,0.9876278533673872
