,alpha,beta_Market,beta_HML,beta_SMB,beta_WML,beta_IML,pvalue_alpha,pvalue_Market,pvalue_HML,pvalue_SMB,pvalue_WML,pvalue_IML,tvalue_alpha,tvalue_Market,tvalue_HML,tvalue_SMB,tvalue_WML,tvalue_IML,fvalue,f_pvalue,R_squared_adj
2020-12-31,0.05453754333752698,0.2652854914825068,-0.7345248962866542,1.8652750015799318,-0.33424684561621154,-0.1247945050510012,0.058450881154482416,0.10988436071812992,0.10662183000866647,0.07463801772106886,0.39680174407580443,0.6730206061120441,10.860912198140625,5.735893114150962,-5.914888426684589,8.490314099760388,-1.391024339672645,-0.5641184172007881,71.51957495163107,0.08952396019969576,0.9832681663156912
