,alpha,beta_Market,beta_HML,beta_SMB,beta_WML,beta_IML,pvalue_alpha,pvalue_Market,pvalue_HML,pvalue_SMB,pvalue_WML,pvalue_IML,tvalue_alpha,tvalue_Market,tvalue_HML,tvalue_SMB,tvalue_WML,tvalue_IML,fvalue,f_pvalue,R_squared_adj
2020-12-31,-0.009860735389605801,1.019359442507267,-0.1606581148986851,-0.2393369444084914,0.08940666031301492,-0.1855508808709213,0.15539380583349807,0.014124554092846183,0.23009568970341013,0.2686367889917438,0.5859668157606032,0.33607173905580784,-4.015126594752383,45.06445337771082,-2.645220681873823,-2.22745960076927,0.7607754521750751,-1.714972034942741,1051.6207238272993,0.023407320454192734,0.9988591211669289
