,alpha,beta_Market,beta_HML,beta_SMB,beta_WML,beta_IML,pvalue_alpha,pvalue_Market,pvalue_HML,pvalue_SMB,pvalue_WML,pvalue_IML,tvalue_alpha,tvalue_Market,tvalue_HML,tvalue_SMB,tvalue_WML,tvalue_IML,fvalue,f_pvalue,R_squared_adj
2020-12-31,0.014458515455903551,0.7558869849857113,0.05697857718307048,1.3950967903295408,0.7077828406620876,0.01337661722036998,0.7059810961301238,0.21657093392169016,0.9496107428043205,0.47035926356970603,0.700168352264221,0.9933457381446478,0.49774728578171,2.8252630117275994,0.07931696753926915,1.0977405123179445,0.5091923924937396,0.010452870757251077,5.552093753996386,0.31108173788550886,0.791380312748506
