,alpha,beta_Market,beta_HML,beta_SMB,beta_WML,beta_IML,pvalue_alpha,pvalue_Market,pvalue_HML,pvalue_SMB,pvalue_WML,pvalue_IML,tvalue_alpha,tvalue_Market,tvalue_HML,tvalue_SMB,tvalue_WML,tvalue_IML,fvalue,f_pvalue,R_squared_adj
2020-12-31,-0.028000487081745934,1.0062141932496507,-0.510507770142002,-0.7520984899515815,0.6988233029443618,0.04402555269646724,0.4943341689108123,0.15702654761192034,0.590140574266848,0.6444043931972062,0.6892807437334404,0.976881310992424,-1.0179600495661447,3.9716631391238315,-0.7504760019513325,-0.6249568325648964,0.5309201478673579,0.036330723693891225,8.200488140773507,0.2588388371311756,0.8571511583742912
