,alpha,beta_Market,beta_HML,beta_SMB,beta_WML,beta_IML,pvalue_alpha,pvalue_Market,pvalue_HML,pvalue_SMB,pvalue_WML,pvalue_IML,tvalue_alpha,tvalue_Market,tvalue_HML,tvalue_SMB,tvalue_WML,tvalue_IML,fvalue,f_pvalue,R_squared_adj
2020-12-31,-0.011067104496875877,0.5895718226677228,0.23779980554058155,-0.2802750767036851,0.3622299088416234,0.23183211820142613,0.6245604476837401,0.16096225100824996,0.6647279882958621,0.7647353971520012,0.7267339021372738,0.8038833386432201,-0.6691778050992777,3.870446385183346,0.5814177917125741,-0.3873487451188626,0.4577080009630916,0.3181890316016131,9.94842277112933,0.2359808340667744,0.8817550246907515
