,alpha,beta_Market,beta_HML,beta_SMB,beta_WML,beta_IML,pvalue_alpha,pvalue_Market,pvalue_HML,pvalue_SMB,pvalue_WML,pvalue_IML,tvalue_alpha,tvalue_Market,tvalue_HML,tvalue_SMB,tvalue_WML,tvalue_IML,fvalue,f_pvalue,R_squared_adj
2020-12-31,-0.029493010531372623,0.9676505306809546,-0.17755713850558502,-0.6214395568829878,1.129164274502331,1.0178362654233948,0.20955845293281516,0.060863657272547465,0.6058326125819257,0.39275661468265033,0.2568940256524844,0.2617847071630299,-2.9273848169766468,10.42788104675088,-0.7126366472819905,-1.409839778854354,2.342148996220513,2.2932041280978868,60.60458850936482,0.09720334159921756,0.9802646473001759
