,alpha,beta_Market,beta_HML,beta_SMB,beta_WML,beta_IML,pvalue_alpha,pvalue_Market,pvalue_HML,pvalue_SMB,pvalue_WML,pvalue_IML,tvalue_alpha,tvalue_Market,tvalue_HML,tvalue_SMB,tvalue_WML,tvalue_IML,fvalue,f_pvalue,R_squared_adj
2020-12-31,-0.004749732009704452,1.026120611958714,0.04203467985815673,-0.6195926710534478,0.23771290483793234,0.4697100781966792,0.7414703929989102,0.0629142911533849,0.9028008289631972,0.4217068943819002,0.7309479297684359,0.5112610581739763,-0.42999916906237573,10.085878696051763,0.15387765477385026,-1.282079445704939,0.44972595130088683,0.9652336915086518,53.10116690785361,0.10379594694162787,0.9774864215998396
