,alpha,beta_Market,beta_HML,beta_SMB,beta_WML,beta_IML,pvalue_alpha,pvalue_Market,pvalue_HML,pvalue_SMB,pvalue_WML,pvalue_IML,tvalue_alpha,tvalue_Market,tvalue_HML,tvalue_SMB,tvalue_WML,tvalue_IML,fvalue,f_pvalue,R_squared_adj
2020-12-31,-0.011446413093949823,0.9764441498685336,-0.03310626044686893,-0.27302691987753214,0.12908410154198613,-0.161973063434237,0.09463853699312047,0.010293217274753545,0.5779224870782858,0.17066921745931912,0.360391641923975,0.27775176225228465,-6.677229817248757,61.84308355204348,-0.7809196317028733,-3.6403449161314767,1.5736072405635604,-2.1447357405312633,2109.1976824313765,0.016529664241577775,0.9994311172283947
