,alpha,beta_Market,beta_HML,beta_SMB,beta_WML,beta_IML,pvalue_alpha,pvalue_Market,pvalue_HML,pvalue_SMB,pvalue_WML,pvalue_IML,tvalue_alpha,tvalue_Market,tvalue_HML,tvalue_SMB,tvalue_WML,tvalue_IML,fvalue,f_pvalue,R_squared_adj
2020-12-31,-0.054096851249907166,1.388480149848692,-2.0795248216161113,-2.126020135622882,0.8860080602891924,0.36572800990308174,0.5038332381034104,0.22178901492618774,0.3674379694418984,0.5378942401391649,0.7924013155210956,0.9042045175674334,-0.988029460119049,2.753305493437894,-1.5357881772743196,-0.8875144566259405,0.3381678058916814,0.15162129919771355,3.4567458451474082,0.38625609621195106,0.6718393755495944
