,alpha,beta_Market,beta_HML,beta_SMB,beta_WML,beta_IML,pvalue_alpha,pvalue_Market,pvalue_HML,pvalue_SMB,pvalue_WML,pvalue_IML,tvalue_alpha,tvalue_Market,tvalue_HML,tvalue_SMB,tvalue_WML,tvalue_IML,fvalue,f_pvalue,R_squared_adj
2020-12-31,-0.023641636597259208,1.0750294994443863,-0.7408429311619114,-0.7531286721058312,0.2918570024023748,0.014588512305790391,0.5375795821099822,0.14270908083953227,0.4623960544149471,0.6344758947533871,0.8565697948927863,0.9920785799332471,-0.8883984307009275,4.385988071981358,-1.12570784166418,-0.6468589372466298,0.22919072746568098,0.012443579749924601,8.526419455950352,0.2540724952643107,0.8624865552180461
