,alpha,beta_Market,beta_HML,beta_SMB,beta_WML,beta_IML,pvalue_alpha,pvalue_Market,pvalue_HML,pvalue_SMB,pvalue_WML,pvalue_IML,tvalue_alpha,tvalue_Market,tvalue_HML,tvalue_SMB,tvalue_WML,tvalue_IML,fvalue,f_pvalue,R_squared_adj
2020-12-31,0.02038109737620161,0.6578857669548073,-2.1715637110029506,1.4745282972240474,-1.4499682044700855,-1.0473438498406766,0.826713277588057,0.5070061629392353,0.4416112684113226,0.724704906942722,0.7495831887931013,0.7996161727798353,0.2791260945132216,0.9782282150506633,-1.2025821556013818,0.46156847847679977,-0.41498082921406076,-0.3255863926717341,0.7200959318159876,0.7083529227731356,-0.30421183107675254
