,alpha,beta_Market,beta_HML,beta_SMB,beta_WML,beta_IML,pvalue_alpha,pvalue_Market,pvalue_HML,pvalue_SMB,pvalue_WML,pvalue_IML,tvalue_alpha,tvalue_Market,tvalue_HML,tvalue_SMB,tvalue_WML,tvalue_IML,fvalue,f_pvalue,R_squared_adj
2020-12-31,-0.043029456078529045,0.5978553011199276,0.12750934446340179,-1.4174392361300976,1.014035600344163,-0.16631264678235336,0.4373177266858013,0.317040658531279,0.9076483905115107,0.5272106625903694,0.6557557151609039,0.9321615678591357,-1.2192151934702316,1.8391934574717874,0.14609179574325062,-0.9179713262353746,0.6004327773392476,-0.10696553532762404,3.484233881262683,0.38489184288003137,0.6742877790405835
