,alpha,beta_Market,beta_HML,beta_SMB,beta_WML,beta_IML,pvalue_alpha,pvalue_Market,pvalue_HML,pvalue_SMB,pvalue_WML,pvalue_IML,tvalue_alpha,tvalue_Market,tvalue_HML,tvalue_SMB,tvalue_WML,tvalue_IML,fvalue,f_pvalue,R_squared_adj
2020-12-31,0.03402524036021891,1.3978450763095256,-0.9276794975278615,0.23428754727382983,-2.251981311204879,-1.1645029853791866,0.41733690122923295,0.10868856477522473,0.387742263741016,0.8714846078426288,0.3230400399334416,0.4967629936831411,1.3003883871780162,5.8002637315684655,-1.4336368112681794,0.204659185898233,-1.7985948388011486,-1.010221415957891,10.860320952700697,0.2262279714119428,0.8915040526281484
