,alpha,beta_Market,beta_HML,beta_SMB,beta_WML,beta_IML,pvalue_alpha,pvalue_Market,pvalue_HML,pvalue_SMB,pvalue_WML,pvalue_IML,tvalue_alpha,tvalue_Market,tvalue_HML,tvalue_SMB,tvalue_WML,tvalue_IML,fvalue,f_pvalue,R_squared_adj
2020-12-31,0.032294003212310414,1.4007588037336505,-0.5451474695905876,0.02663088428162963,-0.8850969725428675,-0.10175470769323658,0.36666109812065784,0.08723696711185717,0.4841367736664586,0.9815276126052752,0.5398721153136503,0.9301669557294973,1.5398944521331597,7.251857307824978,-1.0511201834506676,0.029024504441973603,-0.8819756712703465,-0.11013558560197895,20.312862295513845,0.16681360854051985,0.941500119158776
