,alpha,beta_Market,beta_HML,beta_SMB,beta_WML,beta_IML,pvalue_alpha,pvalue_Market,pvalue_HML,pvalue_SMB,pvalue_WML,pvalue_IML,tvalue_alpha,tvalue_Market,tvalue_HML,tvalue_SMB,tvalue_WML,tvalue_IML,fvalue,f_pvalue,R_squared_adj
2020-12-31,-0.029099425662521446,1.1109749219980143,-0.5300090818786689,-1.1058457084800795,0.506613362245701,0.07326276300190737,0.5487836720864429,0.17461386500820836,0.6414352255531655,0.5924870720785886,0.8075038256982997,0.9688316007112254,-0.8573903906750001,3.553982371965613,-0.631461403493473,-0.744730065437142,0.3119374480868499,0.048998363129293586,6.276286139404303,0.2937475646562109,0.8147086193893254
