,alpha,beta_Market,beta_HML,beta_SMB,beta_WML,beta_IML,pvalue_alpha,pvalue_Market,pvalue_HML,pvalue_SMB,pvalue_WML,pvalue_IML,tvalue_alpha,tvalue_Market,tvalue_HML,tvalue_SMB,tvalue_WML,tvalue_IML,fvalue,f_pvalue,R_squared_adj
2020-12-31,-0.008009799809892163,0.9204189720575056,-0.573956464984011,-0.5597480929532312,0.035437485906562816,-0.3947500562611677,0.8798183223493766,0.25288116307812486,0.6781286767534628,0.8114376248858295,0.9887556716479116,0.8659521626723794,-0.19105598168590968,2.3836438086855702,-0.5535887225611464,-0.30516994254333696,0.017664386604954577,-0.21372988998261458,2.6135539038026643,0.43670839356924,0.5734931545551207
