,alpha,beta_Market,beta_HML,beta_SMB,beta_WML,beta_IML,pvalue_alpha,pvalue_Market,pvalue_HML,pvalue_SMB,pvalue_WML,pvalue_IML,tvalue_alpha,tvalue_Market,tvalue_HML,tvalue_SMB,tvalue_WML,tvalue_IML,fvalue,f_pvalue,R_squared_adj
2020-12-31,0.0085427888045956,0.6887891557153174,-0.1438865761428292,-0.2694343302877238,-0.07858844217822691,0.5952699475773259,0.09715904917337184,1.1888268817659407e-09,0.3218289078039041,0.24618352989927098,0.5454578444002521,0.009210397118253203,1.7234295356132108,9.36339523059164,-1.0107294867174699,-1.187519727593054,-0.6129312873770466,2.8224708097756186,19.657597767695723,6.108799731976628e-08,0.7566672935244045
