,alpha,beta_Market,beta_HML,beta_SMB,beta_WML,beta_IML,pvalue_alpha,pvalue_Market,pvalue_HML,pvalue_SMB,pvalue_WML,pvalue_IML,tvalue_alpha,tvalue_Market,tvalue_HML,tvalue_SMB,tvalue_WML,tvalue_IML,fvalue,f_pvalue,R_squared_adj
2020-12-31,0.010098444969460947,0.6844807725704776,-0.11351698642192315,-0.16786883796054727,0.03555340396118357,0.6127311340446295,0.0860290355050249,1.6238989855213185e-08,0.49067364771138,0.5222092502528619,0.8097889898257857,0.017331467441632897,1.7872473901097552,8.162902595097608,-0.6995388155940842,-0.6490741194620483,0.2432599452982192,2.548717826133592,16.047458065982504,4.1592299565529025e-07,0.7149299463531242
