,alpha,beta_Market,beta_HML,beta_SMB,beta_WML,beta_IML,pvalue_alpha,pvalue_Market,pvalue_HML,pvalue_SMB,pvalue_WML,pvalue_IML,tvalue_alpha,tvalue_Market,tvalue_HML,tvalue_SMB,tvalue_WML,tvalue_IML,fvalue,f_pvalue,R_squared_adj
2020-12-31,0.007797548186308944,0.42395509712027213,-0.0051629026709528875,-0.23409070857902442,0.1215276346179707,0.31790501360287937,0.0051401159936431,3.26080662014065e-11,0.9520285723358172,0.09642052931093148,0.05474538180713476,0.010390029174477337,3.092331247778346,11.767833972148061,-0.06081923974130355,-1.7333557944533655,2.023925948210456,2.7906803257787924,28.586589053713514,3.768945490819099e-09,0.831257138510492
