,alpha,beta_Market,beta_HML,beta_SMB,beta_WML,beta_IML,pvalue_alpha,pvalue_Market,pvalue_HML,pvalue_SMB,pvalue_WML,pvalue_IML,tvalue_alpha,tvalue_Market,tvalue_HML,tvalue_SMB,tvalue_WML,tvalue_IML,fvalue,f_pvalue,R_squared_adj
2020-12-31,0.016852126365037887,0.7514020961520609,-0.10290881514813567,0.6522263037848554,-0.01412361149225045,-0.38940399445771423,0.06602662959007917,5.089036360440256e-06,0.686206936792602,0.11660998215554427,0.9508310773935545,0.3064749444658362,1.9223570641226595,5.775704240474756,-0.408745255492227,1.6254428365369475,-0.06228512818097893,-1.0440021497642429,9.77831516758656,2.8563705041927215e-05,0.5939997264938655
