,alpha,beta_Market,beta_HML,beta_SMB,beta_WML,beta_IML,pvalue_alpha,pvalue_Market,pvalue_HML,pvalue_SMB,pvalue_WML,pvalue_IML,tvalue_alpha,tvalue_Market,tvalue_HML,tvalue_SMB,tvalue_WML,tvalue_IML,fvalue,f_pvalue,R_squared_adj
2020-12-31,0.02076078767142475,0.6320764199435429,0.3791156377248869,0.12897122998732977,0.016245870131647577,-0.11445610348375146,0.19013082621996036,0.010588390932268802,0.399940931985474,0.8564400882649323,0.9678240154442836,0.8628712939353145,1.346790733205439,2.76298848206589,0.8563450408316835,0.1827861034138503,0.040743517387927496,-0.17450862210875578,2.1431741489540372,0.09325265949807536,0.16003727826255376
