,alpha,beta_Market,beta_HML,beta_SMB,beta_WML,beta_IML,pvalue_alpha,pvalue_Market,pvalue_HML,pvalue_SMB,pvalue_WML,pvalue_IML,tvalue_alpha,tvalue_Market,tvalue_HML,tvalue_SMB,tvalue_WML,tvalue_IML,fvalue,f_pvalue,R_squared_adj
2020-12-31,0.008541665997179839,0.6831208474946604,-0.22890397855254008,0.020785929559502286,0.17500941396882033,0.11410372139007528,0.012722416064296116,1.1904286226123405e-13,0.01915335119547973,0.8876793942491403,0.04356489815535257,0.40741180427051404,2.6839251158705677,14.46367122538488,-2.5043899139117767,0.14268926492755796,2.12592759237831,0.8426539439132387,50.39895499880922,2.952235358446551e-12,0.891694707957416
