,alpha,beta_Market,beta_HML,beta_SMB,beta_WML,beta_IML,pvalue_alpha,pvalue_Market,pvalue_HML,pvalue_SMB,pvalue_WML,pvalue_IML,tvalue_alpha,tvalue_Market,tvalue_HML,tvalue_SMB,tvalue_WML,tvalue_IML,fvalue,f_pvalue,R_squared_adj
2020-12-31,0.005383516762475737,0.7954082454714974,-0.11376338249528598,0.2846964821101775,0.11293474876497778,-0.2701290181912407,0.10693212244225046,4.858545097595762e-15,0.22996777245388136,0.0647553312511169,0.18714271692875561,0.059748326243333746,1.672320451372313,16.649328138186295,-1.2304861319470501,1.9320998749923017,1.3562516213058067,-1.9721789146602087,71.81292128497742,5.1563479085430716e-14,0.9218881419997049
