,alpha,beta_Market,beta_HML,beta_SMB,beta_WML,beta_IML,pvalue_alpha,pvalue_Market,pvalue_HML,pvalue_SMB,pvalue_WML,pvalue_IML,tvalue_alpha,tvalue_Market,tvalue_HML,tvalue_SMB,tvalue_WML,tvalue_IML,fvalue,f_pvalue,R_squared_adj
2020-12-31,0.007962004653880396,0.3878917689265455,-0.17891390737390833,0.2067381313184109,0.017542724652788295,-0.1124954750898097,0.005319349426449638,3.0732651520297947e-10,0.024790370834558165,0.09565783153322308,0.796978772014616,0.3204414591436201,3.052607356490346,10.021028012714789,-2.388434939698611,1.731662077264936,0.2600188392537157,-1.013690119523952,26.89509502354271,2.6428592494087903e-09,0.8118833006902403
