,alpha,beta_Market,beta_HML,beta_SMB,beta_WML,beta_IML,pvalue_alpha,pvalue_Market,pvalue_HML,pvalue_SMB,pvalue_WML,pvalue_IML,tvalue_alpha,tvalue_Market,tvalue_HML,tvalue_SMB,tvalue_WML,tvalue_IML,fvalue,f_pvalue,R_squared_adj
2020-12-31,0.003211866563207503,0.6173596730977661,-0.06810798600753563,0.008026372386888234,0.23063391156462226,0.058158544185690456,0.19729752689689728,2.4348353704958176e-15,0.33744915171357326,0.9429266343563913,0.0011298177602277895,0.5779781448814848,1.3245637183494254,17.15563551652633,-0.977989505656021,0.07231505255956229,3.6770350904854254,0.5637032352725998,71.97176380334476,5.025901333996806e-14,0.922049337269581
