,alpha,beta_Market,beta_HML,beta_SMB,beta_WML,beta_IML,pvalue_alpha,pvalue_Market,pvalue_HML,pvalue_SMB,pvalue_WML,pvalue_IML,tvalue_alpha,tvalue_Market,tvalue_HML,tvalue_SMB,tvalue_WML,tvalue_IML,fvalue,f_pvalue,R_squared_adj
2020-12-31,0.005772990193014843,0.607728950772063,-0.04338301886335505,-0.13100108353529782,0.23231677448513607,0.3063306277411443,0.0411214747479399,3.473680653023094e-14,0.5781301131085426,0.29590703824407094,0.0025653667011976806,0.012672205372907155,2.153456465919632,15.275604136156561,-0.5634765439797434,-1.0675892817362826,3.3502336397129673,2.68563716081494,54.79402749660448,1.148282623716437e-12,0.8996555299717731
