,alpha,beta_Market,beta_HML,beta_SMB,beta_WML,beta_IML,pvalue_alpha,pvalue_Market,pvalue_HML,pvalue_SMB,pvalue_WML,pvalue_IML,tvalue_alpha,tvalue_Market,tvalue_HML,tvalue_SMB,tvalue_WML,tvalue_IML,fvalue,f_pvalue,R_squared_adj
2020-12-31,0.0028954604322497697,0.8520179250533872,-0.1636944605719207,-0.10689914581197188,0.11880746134624015,0.3839434432102916,0.5657752887665002,2.707040647446971e-10,0.2557703530200141,0.6341066214201534,0.3646245661489339,0.07527530135098638,0.5826842697395196,10.560154868902542,-1.1654784736725823,-0.4823635505755528,0.9248928940892959,1.8630517056674347,23.828090850497958,2.1531048922478948e-08,0.8030117453384349
