,alpha,beta_Market,beta_HML,beta_SMB,beta_WML,beta_IML,pvalue_alpha,pvalue_Market,pvalue_HML,pvalue_SMB,pvalue_WML,pvalue_IML,tvalue_alpha,tvalue_Market,tvalue_HML,tvalue_SMB,tvalue_WML,tvalue_IML,fvalue,f_pvalue,R_squared_adj
2020-12-31,0.0022211865241563425,1.3574569731835187,-0.5238000444610753,-0.3278397913976159,0.027469301111859523,0.21412432307810514,0.8319294455803108,9.479299073946207e-09,0.12881767376831152,0.5666526108044336,0.9085817730848105,0.6687684404035128,0.21488579910858846,9.119912540485258,-1.5810248107822247,-0.5821669183080836,0.11622084795019215,0.4339247268412128,17.463465144075986,7.469530801848406e-07,0.7599645317396523
