,alpha,beta_Market,beta_HML,beta_SMB,beta_WML,beta_IML,pvalue_alpha,pvalue_Market,pvalue_HML,pvalue_SMB,pvalue_WML,pvalue_IML,tvalue_alpha,tvalue_Market,tvalue_HML,tvalue_SMB,tvalue_WML,tvalue_IML,fvalue,f_pvalue,R_squared_adj
2020-12-31,0.003794069106036921,0.8779897663502594,0.0661852563263699,-0.08093464021085847,0.19743995069190692,0.24004555696653068,0.375055317808774,1.264347736263857e-13,0.6506389785408804,0.7304140607533574,0.06626446545506473,0.23210700889321217,0.9038559914949816,14.895344214626359,0.45861189959278287,-0.34862041330870225,1.924211124443716,1.2259616085680602,49.25921627309976,7.660399051202525e-12,0.8927102462843858
