,alpha,beta_Market,beta_HML,beta_SMB,beta_WML,beta_IML,pvalue_alpha,pvalue_Market,pvalue_HML,pvalue_SMB,pvalue_WML,pvalue_IML,tvalue_alpha,tvalue_Market,tvalue_HML,tvalue_SMB,tvalue_WML,tvalue_IML,fvalue,f_pvalue,R_squared_adj
2020-12-31,0.003980430000256909,0.6456664599163549,0.0007976728358698587,-0.4041256697941008,0.016107784297085502,0.3108031146654038,0.40274199147538614,1.3476129040079584e-09,0.9953082027540687,0.07068137559898152,0.8951282877524245,0.13083882645284947,0.8511929369674857,9.30378016705055,0.005939414282151083,-1.8880282934168784,0.1331659141315328,1.5620862970557974,18.027278704767717,1.4014155094309002e-07,0.7394394675581999
