,alpha,beta_Market,beta_HML,beta_SMB,beta_WML,beta_IML,pvalue_alpha,pvalue_Market,pvalue_HML,pvalue_SMB,pvalue_WML,pvalue_IML,tvalue_alpha,tvalue_Market,tvalue_HML,tvalue_SMB,tvalue_WML,tvalue_IML,fvalue,f_pvalue,R_squared_adj
2020-12-31,0.00815757902736516,0.5957200370389513,-0.19449904321087413,0.09037127653272195,-0.00010765568426487557,-0.015500218515422298,0.020377499101953415,5.147559663681247e-12,0.05034775570100706,0.5542738141109609,0.9990018045192676,0.912811551695464,2.476751997780286,12.187556242184753,-2.056172267148934,0.5994399584593433,-0.0012636227810463732,-0.11060651094029308,35.42858378050568,1.4386148877662826e-10,0.8515901513499676
