,alpha,beta_Market,beta_HML,beta_SMB,beta_WML,beta_IML,pvalue_alpha,pvalue_Market,pvalue_HML,pvalue_SMB,pvalue_WML,pvalue_IML,tvalue_alpha,tvalue_Market,tvalue_HML,tvalue_SMB,tvalue_WML,tvalue_IML,fvalue,f_pvalue,R_squared_adj
2020-12-31,0.01060483965999916,0.6165711907466299,-0.19479073660747254,0.13537444369418863,-0.008211681880752747,-0.017010383482672004,0.0037599210915231903,2.8882839594284196e-12,0.05167197914829239,0.38137358469182514,0.9245610760391595,0.9050845106666376,3.195200773974383,12.517870876265825,-2.043539994607646,0.8910965688993092,-0.09565009631478584,-0.12045637529769185,37.8672651995135,6.994428644270613e-11,0.8600330585103877
