,alpha,beta_Market,beta_HML,beta_SMB,beta_WML,beta_IML,pvalue_alpha,pvalue_Market,pvalue_HML,pvalue_SMB,pvalue_WML,pvalue_IML,tvalue_alpha,tvalue_Market,tvalue_HML,tvalue_SMB,tvalue_WML,tvalue_IML,fvalue,f_pvalue,R_squared_adj
2020-12-31,0.00873200590739744,0.5641172847647777,-0.18349372071100095,0.16379234853688923,0.03157794493802287,-0.02282332844578623,0.008196474802920852,2.9694365045501633e-12,0.04585703989971967,0.25031862605354716,0.6914565714310884,0.8613835854075327,2.871883874666014,12.501883683663005,-2.101332884577027,1.176902552378311,0.40150963031565196,-0.17642229783313607,38.71827198730942,5.489971312482951e-11,0.8627576130698468
