,alpha,beta_Market,beta_HML,beta_SMB,beta_WML,beta_IML,pvalue_alpha,pvalue_Market,pvalue_HML,pvalue_SMB,pvalue_WML,pvalue_IML,tvalue_alpha,tvalue_Market,tvalue_HML,tvalue_SMB,tvalue_WML,tvalue_IML,fvalue,f_pvalue,R_squared_adj
2020-12-31,0.01230361646225575,0.7247434452194035,-0.25420305872883814,-0.05976398090790577,0.08073551762668976,0.2359291609840904,0.001100423082868471,2.2821833469905515e-12,0.03156460424914843,0.7957322540782583,0.40458601764767177,0.2917559472254529,3.4877430749229865,9.532183736101553,-2.219109241521906,-0.2604141884011749,0.8413766333717889,1.0667917975839614,21.41204622632418,6.679472072583957e-11,0.6711829277918117
