,alpha,beta_Market,beta_HML,beta_SMB,beta_WML,beta_IML,pvalue_alpha,pvalue_Market,pvalue_HML,pvalue_SMB,pvalue_WML,pvalue_IML,tvalue_alpha,tvalue_Market,tvalue_HML,tvalue_SMB,tvalue_WML,tvalue_IML,fvalue,f_pvalue,R_squared_adj
2020-12-31,0.009902494708312176,0.78850462619766,-0.009401095638921931,-0.10656697157180786,0.055935716147263226,0.24147520522969249,5.732678357648243e-05,3.3080849898647337e-22,0.8867394016725467,0.42583089949044917,0.33505511991605785,0.06932533145524869,4.423160570883558,17.488198400405203,-0.14320638667598445,-0.8033252392194156,0.9739753883951224,1.8587863864538725,84.57782323789962,2.5314976492475265e-22,0.889335593848849
