,alpha,beta_Market,beta_HML,beta_SMB,beta_WML,beta_IML,pvalue_alpha,pvalue_Market,pvalue_HML,pvalue_SMB,pvalue_WML,pvalue_IML,tvalue_alpha,tvalue_Market,tvalue_HML,tvalue_SMB,tvalue_WML,tvalue_IML,fvalue,f_pvalue,R_squared_adj
2020-12-31,0.01876413375375182,-0.1618219256174776,0.05616727889721711,-0.40946753189152196,-0.17763107280868826,0.5170851058234801,0.0035882321053599055,0.19509231666754567,0.7863578966261353,0.309898040134023,0.28146413472496395,0.17661156401849842,3.0772598443290953,-1.3156906779031174,0.2727022515817033,-1.0272909140825555,-1.090419402360954,1.3733175972664073,1.0068960110080356,0.4250211890936193,0.0007031797829094577
