,alpha,beta_Market,beta_HML,beta_SMB,beta_WML,beta_IML,pvalue_alpha,pvalue_Market,pvalue_HML,pvalue_SMB,pvalue_WML,pvalue_IML,tvalue_alpha,tvalue_Market,tvalue_HML,tvalue_SMB,tvalue_WML,tvalue_IML,fvalue,f_pvalue,R_squared_adj
2020-12-31,0.018866647351916344,-0.15887607050057917,0.11996938775109726,-0.2914282533571038,-0.10141114686478687,0.4649496265912745,0.001983167463310813,0.17597806677032554,0.5370222958327686,0.4312459551682821,0.506331352694366,0.19002651094002054,3.2989461903005703,-1.376445536118128,0.6224326340760428,-0.7947173836377016,-0.6703069241910008,1.3320520812241583,0.8861551024085769,0.4989036669553756,-0.012259637744139518
