,alpha,beta_Market,beta_HML,beta_SMB,beta_WML,beta_IML,pvalue_alpha,pvalue_Market,pvalue_HML,pvalue_SMB,pvalue_WML,pvalue_IML,tvalue_alpha,tvalue_Market,tvalue_HML,tvalue_SMB,tvalue_WML,tvalue_IML,fvalue,f_pvalue,R_squared_adj
2020-12-31,0.009993861856023219,0.644727089609424,-0.11953043680529571,0.22768456930455966,0.026045564164125144,-0.07034059959780621,3.9268379571875894e-05,5.153755721833787e-19,0.07042575424010354,0.08751752178364267,0.6468573879520514,0.5845807994802779,4.538570059294573,14.53832454759945,-1.8512285436814964,1.745018363971924,0.46109473605709955,-0.5505041795196499,60.902756560612474,2.197451431377667e-19,0.8520683895085465
