,alpha,beta_Market,beta_HML,beta_SMB,beta_WML,beta_IML,pvalue_alpha,pvalue_Market,pvalue_HML,pvalue_SMB,pvalue_WML,pvalue_IML,tvalue_alpha,tvalue_Market,tvalue_HML,tvalue_SMB,tvalue_WML,tvalue_IML,fvalue,f_pvalue,R_squared_adj
2020-12-31,0.0228021314835375,-0.036177458754825004,-0.16171873474498233,0.03348198008572566,-0.03227468688409553,0.06907217038631118,0.0024515830014552966,0.7937841593207818,0.4472696289765936,0.9358701709758223,0.861645768647112,0.8632653298798941,3.2097715618299887,-0.2629567510081903,-0.7666898373321551,0.08091270878179464,-0.17528023642470453,0.17320719991760566,0.2198391361475766,0.9521687649667174,-0.08461762210076973
