,alpha,beta_Market,beta_HML,beta_SMB,beta_WML,beta_IML,pvalue_alpha,pvalue_Market,pvalue_HML,pvalue_SMB,pvalue_WML,pvalue_IML,tvalue_alpha,tvalue_Market,tvalue_HML,tvalue_SMB,tvalue_WML,tvalue_IML,fvalue,f_pvalue,R_squared_adj
2020-12-31,0.0185983659938861,-0.05540884048020007,0.017205133223290904,-0.4702185796019627,-0.03551902597054678,0.5437389788565972,0.012984040608711098,0.6821028209412954,0.9451510294325625,0.3208584189536553,0.8586825485025583,0.21457140342584488,2.6139714244900643,-0.41293585617424494,0.06927888483245287,-1.0065722453872499,-0.17933202671961287,1.2633859512098822,0.43622567933486855,0.8202528325312479,-0.07382892338957658
