,alpha,beta_Market,beta_HML,beta_SMB,beta_WML,beta_IML,pvalue_alpha,pvalue_Market,pvalue_HML,pvalue_SMB,pvalue_WML,pvalue_IML,tvalue_alpha,tvalue_Market,tvalue_HML,tvalue_SMB,tvalue_WML,tvalue_IML,fvalue,f_pvalue,R_squared_adj
2020-12-31,0.005394206640209441,0.517842829413214,0.03656918866548612,-0.07783370732536976,0.012796450793219786,0.10505919995075166,0.032893059966727714,6.076383003196477e-14,0.5949276248700267,0.5766210635798568,0.8439265836981995,0.43675588900858764,2.2141386830856824,11.502277342113127,0.5362261157898259,-0.5631792377425301,0.19822387254232313,0.7859751739544011,32.341843390664344,1.0336587005405523e-12,0.7846869530811368
