,alpha,beta_Market,beta_HML,beta_SMB,beta_WML,beta_IML,pvalue_alpha,pvalue_Market,pvalue_HML,pvalue_SMB,pvalue_WML,pvalue_IML,tvalue_alpha,tvalue_Market,tvalue_HML,tvalue_SMB,tvalue_WML,tvalue_IML,fvalue,f_pvalue,R_squared_adj
2020-12-31,0.015051300806122223,0.5646576100762639,0.11009376235327668,-0.02083900346993718,0.0790099356422775,0.08610709607568462,0.0005763160964917456,2.1408983951649624e-07,0.3714990459506542,0.9423545888791203,0.529020463202315,0.7350505751103873,3.797450791393932,6.46768894987599,0.9056414650578728,-0.07284719082442816,0.6360221272782831,0.34120283064497636,13.179576713923337,3.616898016501074e-07,0.6096013388229418
