,alpha,beta_Market,beta_HML,beta_SMB,beta_WML,beta_IML,pvalue_alpha,pvalue_Market,pvalue_HML,pvalue_SMB,pvalue_WML,pvalue_IML,tvalue_alpha,tvalue_Market,tvalue_HML,tvalue_SMB,tvalue_WML,tvalue_IML,fvalue,f_pvalue,R_squared_adj
2020-12-31,-0.0023928639539880156,0.7994265481465916,-0.15440749118887645,-0.13637496545358407,0.2973616726941416,0.24182844491959643,0.941876500207868,0.03995866872908181,0.4650533082928267,0.7875197692315667,0.4364382775022588,0.4801187857050813,-0.07917837623940084,3.483338602452475,-0.8348711108222685,-0.2945843382888134,0.895648719140708,0.8041735550695314,5.743429217472264,0.09050462895957465,0.7477704968169299
