,alpha,beta_Market,beta_HML,beta_SMB,beta_WML,beta_IML,pvalue_alpha,pvalue_Market,pvalue_HML,pvalue_SMB,pvalue_WML,pvalue_IML,tvalue_alpha,tvalue_Market,tvalue_HML,tvalue_SMB,tvalue_WML,tvalue_IML,fvalue,f_pvalue,R_squared_adj
2020-12-31,0.035957743539849,0.6305092101614207,-0.21631293485852884,-0.09903570796556083,-0.04751939835612207,0.24929486456818295,0.3796059831719698,0.09818785377088944,0.38669472895158935,0.8651560834712955,0.9094074689726066,0.5255740589690646,1.0279493739926158,2.3735548551435257,-1.0104719647541944,-0.18482364153617323,-0.1236557636144161,0.7162200072646479,5.044089754414668,0.10664070492521631,0.716517619382555
