,alpha,beta_Market,beta_HML,beta_SMB,beta_WML,beta_IML,pvalue_alpha,pvalue_Market,pvalue_HML,pvalue_SMB,pvalue_WML,pvalue_IML,tvalue_alpha,tvalue_Market,tvalue_HML,tvalue_SMB,tvalue_WML,tvalue_IML,fvalue,f_pvalue,R_squared_adj
2020-12-31,0.03395785337924076,0.5422290947310173,-0.19223811759657233,0.29997132972475243,-0.0025376296850072033,-0.19889430797033608,0.50211896660845,0.2079741666362199,0.5322894762951493,0.6905386671087482,0.9961958301981195,0.684650382554421,0.7607830628091372,1.5996757678036864,-0.70375678488828,0.43871933145212705,-0.00517503137409877,-0.447813087380343,1.7821568111890782,0.33643054896110064,0.32833976651547836
