,alpha,beta_Market,beta_HML,beta_SMB,beta_WML,beta_IML,pvalue_alpha,pvalue_Market,pvalue_HML,pvalue_SMB,pvalue_WML,pvalue_IML,tvalue_alpha,tvalue_Market,tvalue_HML,tvalue_SMB,tvalue_WML,tvalue_IML,fvalue,f_pvalue,R_squared_adj
2020-12-31,-0.0024796010465400944,0.07586391136821358,0.03233477497971211,0.29415970004620595,0.1091766979594176,-0.12539595625107103,0.9284416673647777,0.7205710276001291,0.8486469297859184,0.5048714598348742,0.7219337865238276,0.6540989388567604,-0.09755004260486641,0.3930152704262606,0.2078633769524434,0.7554665555404732,0.3909666759661133,-0.4957731524162065,0.26289481363867684,0.9077565450253869,-0.8542236837107402
