,alpha,beta_Market,beta_HML,beta_SMB,beta_WML,beta_IML,pvalue_alpha,pvalue_Market,pvalue_HML,pvalue_SMB,pvalue_WML,pvalue_IML,tvalue_alpha,tvalue_Market,tvalue_HML,tvalue_SMB,tvalue_WML,tvalue_IML,fvalue,f_pvalue,R_squared_adj
2020-12-31,0.02636443447672385,0.5703691411953264,-0.11689154911758415,-0.23260407653743775,0.18489132507857792,0.17214813998886674,0.5494145852661632,0.15124445561061667,0.6594765411186294,0.7243486854140693,0.6966623520441351,0.6888563780171922,0.672525545561207,1.9159090487254398,-0.4872321334654602,-0.3873415299461007,0.4293099902779918,0.44131275592232466,1.639659867911732,0.36291962522941523,0.28560580875530606
