,alpha,beta_Market,beta_HML,beta_SMB,beta_WML,beta_IML,pvalue_alpha,pvalue_Market,pvalue_HML,pvalue_SMB,pvalue_WML,pvalue_IML,tvalue_alpha,tvalue_Market,tvalue_HML,tvalue_SMB,tvalue_WML,tvalue_IML,fvalue,f_pvalue,R_squared_adj
2020-12-31,0.022505640319612615,0.5732496302517339,0.055939326571264936,-0.17202021980104854,0.08581379588560861,0.22003546173628907,0.4567510827458363,0.06466947179612526,0.7521144343553267,0.6993462311387517,0.7866987549174854,0.463884565304693,0.8521575051860942,2.8582540347002796,0.34610527340111247,-0.42520113412952926,0.29576702092558976,0.8372882548558246,6.398255239473827,0.07876049210977913,0.771371585452448
