,alpha,beta_Market,beta_HML,beta_SMB,beta_WML,beta_IML,pvalue_alpha,pvalue_Market,pvalue_HML,pvalue_SMB,pvalue_WML,pvalue_IML,tvalue_alpha,tvalue_Market,tvalue_HML,tvalue_SMB,tvalue_WML,tvalue_IML,fvalue,f_pvalue,R_squared_adj
2020-12-31,0.00887988514245077,0.06237737156876634,-0.008251765064449648,0.15073808954674864,0.0009306404264598118,-0.08128163572362075,0.7582173239193223,0.7755621197378813,0.962388991912578,0.7335348748567818,0.9976356950257744,0.7767524433327267,0.3371446735747664,0.31186351357818726,-0.0511939090133424,0.3736099015969469,0.0032162885378478052,-0.3101381628047437,0.1431959560096049,0.9691805026180199,-1.152864244028962
