,alpha,beta_Market,beta_HML,beta_SMB,beta_WML,beta_IML,pvalue_alpha,pvalue_Market,pvalue_HML,pvalue_SMB,pvalue_WML,pvalue_IML,tvalue_alpha,tvalue_Market,tvalue_HML,tvalue_SMB,tvalue_WML,tvalue_IML,fvalue,f_pvalue,R_squared_adj
2020-12-31,0.04613266078908129,0.4092584703962867,-0.11062211444527942,-0.8007016058464627,-0.0231558622201615,0.8978695897505589,0.19722407249653465,0.14928836142562224,0.5636878021242158,0.1580788319331186,0.9446051834942755,0.04821367461671414,1.6513984971380378,1.9291660038681337,-0.6470648661173415,-1.8711150713307982,-0.0754516032200355,3.2300590664322946,7.600921079422955,0.06282518403568543,0.8048999637352221
