,alpha,beta_Market,beta_HML,beta_SMB,beta_WML,beta_IML,pvalue_alpha,pvalue_Market,pvalue_HML,pvalue_SMB,pvalue_WML,pvalue_IML,tvalue_alpha,tvalue_Market,tvalue_HML,tvalue_SMB,tvalue_WML,tvalue_IML,fvalue,f_pvalue,R_squared_adj
2020-12-31,-0.03827154658660024,1.2323093069441782,0.0081413525188615,-2.0467448059874798,0.34074648785364725,1.6633245416521412,0.4795361572668819,0.04200525508192349,0.9794250392531603,0.06720271352967311,0.5605148752327596,0.03898653330302373,-0.8053452729872591,3.414714290016065,0.027994011988632595,-2.811617349554183,0.6526819821374538,3.5175227677659557,8.513149878318861,0.0540006706344991,0.8244295308028933
