,alpha,beta_Market,beta_HML,beta_SMB,beta_WML,beta_IML,pvalue_alpha,pvalue_Market,pvalue_HML,pvalue_SMB,pvalue_WML,pvalue_IML,tvalue_alpha,tvalue_Market,tvalue_HML,tvalue_SMB,tvalue_WML,tvalue_IML,fvalue,f_pvalue,R_squared_adj
2020-12-31,0.030266842838462975,0.9389332710207153,0.3776037176900259,-0.6221429728024945,-0.21422326822917875,0.22217384243744576,0.6095205474135519,0.10289791247304364,0.33041371762041477,0.5011131059962923,0.7385126864201714,0.7032002482550379,0.5684109333109394,2.321980521330325,1.1587614695719715,-0.7627319129601565,-0.3662065235227848,0.41931659258094356,6.760658418925511,0.07330709183576994,0.7826281415415058
