,alpha,beta_Market,beta_HML,beta_SMB,beta_WML,beta_IML,pvalue_alpha,pvalue_Market,pvalue_HML,pvalue_SMB,pvalue_WML,pvalue_IML,tvalue_alpha,tvalue_Market,tvalue_HML,tvalue_SMB,tvalue_WML,tvalue_IML,fvalue,f_pvalue,R_squared_adj
2020-12-31,-0.015299351333958641,1.0068660689629094,0.20934770958422838,-1.4236670592541294,0.24942573330388473,1.2085365521763611,0.7658573893530475,0.06646540949172483,0.5188337087701164,0.1420310107177541,0.6616792160755158,0.08123067860821391,-0.3259758043765904,2.8249619054260537,0.7288582008610911,-1.9801915399469232,0.48374639324768676,2.58777169715094,6.763804978154704,0.07326251286176949,0.7827210246949065
