,alpha,beta_Market,beta_HML,beta_SMB,beta_WML,beta_IML,pvalue_alpha,pvalue_Market,pvalue_HML,pvalue_SMB,pvalue_WML,pvalue_IML,tvalue_alpha,tvalue_Market,tvalue_HML,tvalue_SMB,tvalue_WML,tvalue_IML,fvalue,f_pvalue,R_squared_adj
2020-12-31,-0.005360650025711639,0.15973538032452705,0.059608676876852854,-0.06749521082799065,0.187871686241093,0.17781334023839448,0.21433622695412669,0.06702686218398846,0.12579051062984936,0.33469110756064246,0.0240296511658014,0.03990189194422,-1.7959907331247111,3.6656144497518843,2.5462292799240887,-1.2602852070662627,6.334140268203463,4.855064041062933,54.79386972651446,0.01801959510819779,0.974634864217041
