,alpha,beta_Market,beta_HML,beta_SMB,beta_WML,beta_IML,pvalue_alpha,pvalue_Market,pvalue_HML,pvalue_SMB,pvalue_WML,pvalue_IML,tvalue_alpha,tvalue_Market,tvalue_HML,tvalue_SMB,tvalue_WML,tvalue_IML,fvalue,f_pvalue,R_squared_adj
2020-12-31,0.029392049123009856,0.6383497198007946,0.22634191215790272,-0.042610931305295585,-0.05378148885486145,0.012007415965733736,0.2561002964970128,0.02795479848710548,0.17641532386545203,0.9030026150140469,0.8306654748222844,0.9577890311831107,1.3996543640338883,4.0029314444476505,1.7612394369783004,-0.13246415715919213,-0.23312448679653913,0.05746379635419813,18.25187436720542,0.018729460534653904,0.915127802740753
