,alpha,beta_Market,beta_HML,beta_SMB,beta_WML,beta_IML,pvalue_alpha,pvalue_Market,pvalue_HML,pvalue_SMB,pvalue_WML,pvalue_IML,tvalue_alpha,tvalue_Market,tvalue_HML,tvalue_SMB,tvalue_WML,tvalue_IML,fvalue,f_pvalue,R_squared_adj
2020-12-31,0.0517536908242631,0.47407888208499926,-0.0733110918719288,-1.0986722105816047,0.01394204157347076,1.2253041310787824,0.32848199760134766,0.254821785854497,0.8050224407646049,0.20503534163150924,0.9790164463458771,0.06955528797543059,1.1642842476219533,1.4044194876056117,-0.26949447472001026,-1.6135121900844798,0.028550137390840672,2.770227351979998,4.775101363913676,0.11416286964467896,0.7023311949534994
