,alpha,beta_Market,beta_HML,beta_SMB,beta_WML,beta_IML,pvalue_alpha,pvalue_Market,pvalue_HML,pvalue_SMB,pvalue_WML,pvalue_IML,tvalue_alpha,tvalue_Market,tvalue_HML,tvalue_SMB,tvalue_WML,tvalue_IML,fvalue,f_pvalue,R_squared_adj
2020-12-31,0.041422368138728446,0.6526003477282227,0.008853639495560561,0.30790301829051314,0.2479069046162681,0.016971493095305323,0.22571742319443552,0.05108737590155255,0.9609863221114506,0.5140919614225213,0.4682247305048026,0.9540166649701078,1.5205126617451608,3.1545031117798725,0.05310549170197735,0.7378285898596407,0.8283385513247099,0.06260787872434256,7.013753198034831,0.06986019860193055,0.7898539710463728
