,alpha,beta_Market,beta_HML,beta_SMB,beta_WML,beta_IML,pvalue_alpha,pvalue_Market,pvalue_HML,pvalue_SMB,pvalue_WML,pvalue_IML,tvalue_alpha,tvalue_Market,tvalue_HML,tvalue_SMB,tvalue_WML,tvalue_IML,fvalue,f_pvalue,R_squared_adj
2020-12-31,0.1075217801619123,-0.17220219532427883,0.4643824468290666,-0.7178430192835947,-0.7706926291046641,0.9312498687265091,0.11391714014701244,0.6726775082822024,0.21646390846010374,0.40618094632263113,0.24470710696118478,0.14988296162188783,2.211734770208572,-0.4664486339758691,1.5608992717726096,-0.9639455377191997,-1.4430518611842462,1.9251148520163965,5.531891461034738,0.0949336260132134,0.7390690930902414
