,alpha,beta_Market,beta_HML,beta_SMB,beta_WML,beta_IML,pvalue_alpha,pvalue_Market,pvalue_HML,pvalue_SMB,pvalue_WML,pvalue_IML,tvalue_alpha,tvalue_Market,tvalue_HML,tvalue_SMB,tvalue_WML,tvalue_IML,fvalue,f_pvalue,R_squared_adj
2020-12-31,0.13197691472218007,0.2902619912786945,-0.33223800055185043,2.951769672139711,0.37387208438876,-1.600635496094435,0.6135710873470254,0.8811204872580218,0.8321425419898604,0.47226777974081346,0.8940258296760322,0.542752900276765,0.5616655593363881,0.1626666547777672,-0.23104235912863536,0.8200658096115464,0.14483282325320318,-0.6845829635551186,0.18169972829658518,0.9515600763054098,-1.046821742520733
