,alpha,beta_Market,beta_HML,beta_SMB,beta_WML,beta_IML,pvalue_alpha,pvalue_Market,pvalue_HML,pvalue_SMB,pvalue_WML,pvalue_IML,tvalue_alpha,tvalue_Market,tvalue_HML,tvalue_SMB,tvalue_WML,tvalue_IML,fvalue,f_pvalue,R_squared_adj
2020-12-31,0.008171839110915444,0.3377275122177866,0.1620700618282968,0.02091626624746118,0.08467714769680926,0.13206510085095136,0.7092446553200054,0.11179055414820013,0.2758519533740756,0.9496774234149608,0.7246863319608151,0.552992032013783,0.41012422357375433,2.231981532868725,1.3291099051676905,0.06852770563877682,0.386835184876432,0.6660970367884637,6.200343705863752,0.0820301476163256,0.7647177746883054
