,alpha,beta_Market,beta_HML,beta_SMB,beta_WML,beta_IML,pvalue_alpha,pvalue_Market,pvalue_HML,pvalue_SMB,pvalue_WML,pvalue_IML,tvalue_alpha,tvalue_Market,tvalue_HML,tvalue_SMB,tvalue_WML,tvalue_IML,fvalue,f_pvalue,R_squared_adj
2020-12-31,-0.026520891452124908,0.8782533224988056,-0.1013585087370282,0.3862537249356507,0.9298574399212274,-0.00029666729312038953,0.4835881207064181,0.040157559804327565,0.6527847623675478,0.5035757342969059,0.08436051666305923,0.9993411846645798,-0.7972213382428571,3.4764752371045273,-0.4978671728693521,0.7579662942275852,2.5443174773071573,-0.0008962192873666968,3.109264129184178,0.1896810483143108,0.5686475957828578
