,alpha,beta_Market,beta_HML,beta_SMB,beta_WML,beta_IML,pvalue_alpha,pvalue_Market,pvalue_HML,pvalue_SMB,pvalue_WML,pvalue_IML,tvalue_alpha,tvalue_Market,tvalue_HML,tvalue_SMB,tvalue_WML,tvalue_IML,fvalue,f_pvalue,R_squared_adj
2020-12-31,-0.017839654359753626,1.4607113786269657,0.015287343643627993,-0.08712271893941015,0.07803909839549261,0.45200373336081867,0.5058424580239892,0.045844378281173576,0.9380172673957979,0.8471104878342794,0.7572618902151376,0.23881335372129023,-0.8038492125563005,4.508287401640395,0.08782569039665464,-0.21879068058150217,0.353867032962414,1.659870333039597,35.82481901106981,0.027377187090188666,0.96135246391232
