,alpha,beta_Market,beta_HML,beta_SMB,beta_WML,beta_IML,pvalue_alpha,pvalue_Market,pvalue_HML,pvalue_SMB,pvalue_WML,pvalue_IML,tvalue_alpha,tvalue_Market,tvalue_HML,tvalue_SMB,tvalue_WML,tvalue_IML,fvalue,f_pvalue,R_squared_adj
2020-12-31,-0.03701728313478896,0.9761108058165315,0.14242504649384424,-0.025872466919291237,0.5422261297960675,0.6180279191125667,0.6233571724431678,0.1545210286492603,0.7542586879916054,0.9817063800581516,0.5196461360127713,0.4275431542105373,-0.5454943074070603,1.8941455369035956,0.3429529438121929,-0.024889142764667863,0.7273279194689566,0.9152665640215495,3.201940449885233,0.1834988133933364,0.5791622669817729
