,alpha,beta_Market,beta_HML,beta_SMB,beta_WML,beta_IML,pvalue_alpha,pvalue_Market,pvalue_HML,pvalue_SMB,pvalue_WML,pvalue_IML,tvalue_alpha,tvalue_Market,tvalue_HML,tvalue_SMB,tvalue_WML,tvalue_IML,fvalue,f_pvalue,R_squared_adj
2020-12-31,0.032361867109176636,0.683218084772915,0.003861092100301,0.35796812129303823,0.2747588290338256,-0.04089928328788939,0.31667406896672035,0.04463056043585348,0.9828219872016184,0.4503690715800589,0.4225487934396945,0.8886487799492548,1.1987733095638744,3.3326629300388806,0.023370937770933856,0.8656339153356183,0.926444241193861,-0.15225550811106514,7.198193294147922,0.06751456990567152,0.7948242702318362
