,alpha,beta_Market,beta_HML,beta_SMB,beta_WML,beta_IML,pvalue_alpha,pvalue_Market,pvalue_HML,pvalue_SMB,pvalue_WML,pvalue_IML,tvalue_alpha,tvalue_Market,tvalue_HML,tvalue_SMB,tvalue_WML,tvalue_IML,fvalue,f_pvalue,R_squared_adj
2020-12-31,0.01928741573453361,0.34487070370989337,0.32415346034197584,-0.20822566201407056,0.009179627478544505,0.3035488691528282,0.5088521162571242,0.1764950341810171,0.13229369870693772,0.6346533539560992,0.9761899472182773,0.32209391464390363,0.7478198581373056,1.7607909504341492,2.0536957154501896,-0.5270400514022091,0.03239754812599564,1.1827838659385097,6.464377168608955,0.0777161128829069,0.7735115266622923
