,alpha,beta_Market,beta_HML,beta_SMB,beta_WML,beta_IML,pvalue_alpha,pvalue_Market,pvalue_HML,pvalue_SMB,pvalue_WML,pvalue_IML,tvalue_alpha,tvalue_Market,tvalue_HML,tvalue_SMB,tvalue_WML,tvalue_IML,fvalue,f_pvalue,R_squared_adj
2020-12-31,0.005938930073502182,0.5977139125961399,-0.3078351227676601,-0.04715645104851786,0.1286047242397061,0.109074491159072,0.4975907141234822,0.0010485709934647596,0.31674530620085156,0.9142712524159466,0.5558564445910609,0.7992589946726203,0.69407341029734,3.99243519289223,-1.0334872108391697,-0.10936712003991016,0.6016200559839838,0.25857642953457294,3.3783170743650386,0.028424107620787252,0.3615388324216041
