,alpha,beta_Market,beta_HML,beta_SMB,beta_WML,beta_IML,pvalue_alpha,pvalue_Market,pvalue_HML,pvalue_SMB,pvalue_WML,pvalue_IML,tvalue_alpha,tvalue_Market,tvalue_HML,tvalue_SMB,tvalue_WML,tvalue_IML,fvalue,f_pvalue,R_squared_adj
2020-12-31,0.0490741655227012,0.11081368650844844,-0.05328641628531348,-1.2019202330554577,0.31587509277798,2.075133948760377,0.030363046518033322,0.7521655404172036,0.9328216763903655,0.2630205242094953,0.529291974474881,0.09952875471462562,2.3754860420732884,0.3212684059140546,-0.08563161223500737,-1.16011591343543,0.6430634662960701,1.748530378620349,0.9155779894249574,0.49568989936066776,-0.020512795722002153
