,alpha,beta_Market,beta_HML,beta_SMB,beta_WML,beta_IML,pvalue_alpha,pvalue_Market,pvalue_HML,pvalue_SMB,pvalue_WML,pvalue_IML,tvalue_alpha,tvalue_Market,tvalue_HML,tvalue_SMB,tvalue_WML,tvalue_IML,fvalue,f_pvalue,R_squared_adj
2020-12-31,0.00417923235464451,0.9318910916426804,-0.18582066667112174,0.060793380161788445,0.05978191103336128,0.2516982916034976,0.2838336106189599,2.4707049955897312e-11,0.10023643719254266,0.6982568972632357,0.5131517733774051,0.14102863632251056,1.1067120090298495,15.214631536780152,-1.7382943268654056,0.39430705047601455,0.667919193118578,1.5438761927597795,61.09937171424364,2.9133597016446495e-10,0.9317822812368832
