,alpha,beta_Market,beta_HML,beta_SMB,beta_WML,beta_IML,pvalue_alpha,pvalue_Market,pvalue_HML,pvalue_SMB,pvalue_WML,pvalue_IML,tvalue_alpha,tvalue_Market,tvalue_HML,tvalue_SMB,tvalue_WML,tvalue_IML,fvalue,f_pvalue,R_squared_adj
2020-12-31,0.014467643742638423,0.5340062925117032,-0.10730721449329529,0.026349895498518225,0.2509075396745668,0.036966778536563084,0.012068627520964199,6.680956643330078e-06,0.47173315025230234,0.9017429948053324,0.055524732296990134,0.8699115735774198,2.8092290404695572,6.39284083751261,-0.7360536297201581,0.12531653752083888,2.055507565788347,0.1662627832810985,9.888369872568658,0.00014400432971772397,0.6688833888434298
