,alpha,beta_Market,beta_HML,beta_SMB,beta_WML,beta_IML,pvalue_alpha,pvalue_Market,pvalue_HML,pvalue_SMB,pvalue_WML,pvalue_IML,tvalue_alpha,tvalue_Market,tvalue_HML,tvalue_SMB,tvalue_WML,tvalue_IML,fvalue,f_pvalue,R_squared_adj
2020-12-31,3.843775936419839e-05,0.16536830542879116,0.04019590917065696,-0.16701519951429,0.07968100091199865,0.15764545144155176,0.9889539943915475,0.0016779647857606066,0.6104424353615856,0.15319230370573103,0.23589135871760475,0.19957897899888252,0.014049579987564753,3.7266252970090292,0.5190131095537066,-1.4952073411229028,1.2287855139697617,1.334691269066729,3.1926303286986166,0.03260226536023488,0.332588089939428
