,alpha,beta_Market,beta_HML,beta_SMB,beta_WML,beta_IML,pvalue_alpha,pvalue_Market,pvalue_HML,pvalue_SMB,pvalue_WML,pvalue_IML,tvalue_alpha,tvalue_Market,tvalue_HML,tvalue_SMB,tvalue_WML,tvalue_IML,fvalue,f_pvalue,R_squared_adj
2020-12-31,0.008266281272162092,0.5455592953610092,-0.2835462074593665,0.07192187513438325,-0.2987327028434398,0.010075393981535112,0.42446955875113923,0.0039650313267735795,0.3352785140459772,0.8636130737899216,0.2290262354447217,0.9818359975645816,0.8183695449082533,3.329963046987265,-0.9916406400556228,0.17439756963910238,-1.2477801515074622,0.023104438328068067,3.477399042805375,0.023969890951054593,0.36022325117182874
