,alpha,beta_Market,beta_HML,beta_SMB,beta_WML,beta_IML,pvalue_alpha,pvalue_Market,pvalue_HML,pvalue_SMB,pvalue_WML,pvalue_IML,tvalue_alpha,tvalue_Market,tvalue_HML,tvalue_SMB,tvalue_WML,tvalue_IML,fvalue,f_pvalue,R_squared_adj
2020-12-31,0.001173270294303205,0.5623481778579212,0.035003875804715694,-0.11951842128226112,0.07427635431318402,0.06756241070274469,0.7836554872683099,2.42345312382671e-07,0.7723308609458089,0.49585552616799755,0.46642353160290495,0.7144457391280963,0.2789403418937859,8.24283715659128,0.29398189294551225,-0.6959663598922942,0.7450404589908394,0.37205957747498086,16.700121172960003,4.932287889904785e-06,0.7810958470280682
