,alpha,beta_Market,beta_HML,beta_SMB,beta_WML,beta_IML,pvalue_alpha,pvalue_Market,pvalue_HML,pvalue_SMB,pvalue_WML,pvalue_IML,tvalue_alpha,tvalue_Market,tvalue_HML,tvalue_SMB,tvalue_WML,tvalue_IML,fvalue,f_pvalue,R_squared_adj
2020-12-31,0.00048308200363638863,0.5674963200193874,0.030548683954792766,-0.12765682803087006,0.08130280161322787,0.06990847126127887,0.9070739659801323,1.3864801722669208e-07,0.7944398945028384,0.4536813313006933,0.4118532665115967,0.6961964671325183,0.11848269159126311,8.581343297481043,0.2646779437362221,-0.7668638190571306,0.8413091034947682,0.3971530985735265,17.92242767251058,3.0321049215591782e-06,0.7936445104854268
