,alpha,beta_Market,beta_HML,beta_SMB,beta_WML,beta_IML,pvalue_alpha,pvalue_Market,pvalue_HML,pvalue_SMB,pvalue_WML,pvalue_IML,tvalue_alpha,tvalue_Market,tvalue_HML,tvalue_SMB,tvalue_WML,tvalue_IML,fvalue,f_pvalue,R_squared_adj
2020-12-31,0.009938338974276404,0.89469862064975,-0.1566844653257733,0.3079781695125996,0.08902597417764935,0.20485999035775168,0.02646752288243525,1.651458480584058e-10,0.19366747692456987,0.08262476272811711,0.3712639626523876,0.2619908681538655,2.429999980380167,13.487374184227578,-1.3533483520273946,1.8443890891395582,0.9183859346258857,1.1602289825686096,56.35199196088679,5.546948827586798e-10,0.9263622875890027
