,alpha,beta_Market,beta_HML,beta_SMB,beta_WML,beta_IML,pvalue_alpha,pvalue_Market,pvalue_HML,pvalue_SMB,pvalue_WML,pvalue_IML,tvalue_alpha,tvalue_Market,tvalue_HML,tvalue_SMB,tvalue_WML,tvalue_IML,fvalue,f_pvalue,R_squared_adj
2020-12-31,-0.0031323277894473017,0.8763370027126361,-0.16029357638268632,-0.2713880437399856,0.11410206026634859,0.46650840834681806,0.4578229659084945,2.586948040126496e-10,0.18746900332885097,0.125323849348314,0.2590763070609476,0.01789009040963917,-0.7597299104819263,13.104526857762437,-1.3734072448468413,-1.6122147057928917,1.1676200180741552,2.62087069390654,39.708987314558,8.621746275335997e-09,0.8979331161761225
