,alpha,beta_Market,beta_HML,beta_SMB,beta_WML,beta_IML,pvalue_alpha,pvalue_Market,pvalue_HML,pvalue_SMB,pvalue_WML,pvalue_IML,tvalue_alpha,tvalue_Market,tvalue_HML,tvalue_SMB,tvalue_WML,tvalue_IML,fvalue,f_pvalue,R_squared_adj
2020-12-31,0.02035527264209394,0.20126605302275485,-0.8399915381671115,0.38592694951676454,-0.11944459412449422,0.20249328217723106,0.09797227659738132,0.3354367780909714,0.053624377235609026,0.5178907018385179,0.6852479502058871,0.7275066246103618,1.7573507108786988,0.9931145910472546,-2.083272929698093,0.6612034211963119,-0.4127776789383856,0.3546179222834019,1.2759290990257832,0.32194795926846637,0.06164733464742356
