,alpha,beta_Market,beta_HML,beta_SMB,beta_WML,beta_IML,pvalue_alpha,pvalue_Market,pvalue_HML,pvalue_SMB,pvalue_WML,pvalue_IML,tvalue_alpha,tvalue_Market,tvalue_HML,tvalue_SMB,tvalue_WML,tvalue_IML,fvalue,f_pvalue,R_squared_adj
2020-12-31,-0.0007682045847814487,0.9481972786094102,0.07224019865318292,-0.024821487992228677,-0.08902085471541549,-0.0532264602761899,0.8405529024972428,1.7528110156315236e-11,0.5065000732845335,0.8734693205522164,0.33189856078666546,0.7470193000709652,-0.2042896438905408,15.5462746210793,0.678640200094284,-0.16167296975186804,-0.998797026572718,-0.3278620418248697,68.24010030619165,1.20224641871089e-10,0.9385818838723803
