,alpha,beta_Market,beta_HML,beta_SMB,beta_WML,beta_IML,pvalue_alpha,pvalue_Market,pvalue_HML,pvalue_SMB,pvalue_WML,pvalue_IML,tvalue_alpha,tvalue_Market,tvalue_HML,tvalue_SMB,tvalue_WML,tvalue_IML,fvalue,f_pvalue,R_squared_adj
2020-12-31,0.020180210796408332,0.20196355501095392,-0.8405433118522558,0.3851696121246985,-0.11962120650496531,0.2002838783706395,0.09896691448773921,0.3312718900027509,0.05234230614554134,0.5164632981762676,0.6831991285767396,0.7289506507423181,1.751700245162656,1.0019692978669796,-2.095964540714892,0.6634902973357804,-0.41563341803404186,0.35265384913203185,1.2854127886449676,0.3182453922519508,0.06363133162849655
