,alpha,beta_Market,beta_HML,beta_SMB,beta_WML,beta_IML,pvalue_alpha,pvalue_Market,pvalue_HML,pvalue_SMB,pvalue_WML,pvalue_IML,tvalue_alpha,tvalue_Market,tvalue_HML,tvalue_SMB,tvalue_WML,tvalue_IML,fvalue,f_pvalue,R_squared_adj
2020-12-31,-0.003514364308560278,0.7806191742738762,-0.22087941730730432,-0.07827413627359064,0.09001488194970406,0.37952991553861415,0.321198920821477,9.276172447492849e-11,0.036604096961546484,0.5845118611834439,0.2848908458057529,0.020456423676379655,-1.0217963648114332,13.99313300933836,-2.268631800236815,-0.5574116021918548,1.1042004361208704,2.555981374857909,48.48373890387493,1.819551344107608e-09,0.9151950092079547
