,alpha,beta_Market,beta_HML,beta_SMB,beta_WML,beta_IML,pvalue_alpha,pvalue_Market,pvalue_HML,pvalue_SMB,pvalue_WML,pvalue_IML,tvalue_alpha,tvalue_Market,tvalue_HML,tvalue_SMB,tvalue_WML,tvalue_IML,fvalue,f_pvalue,R_squared_adj
2020-12-31,0.005195421557619078,0.9701980128748431,-0.05951215034368981,0.09215310942922864,0.08937159743127654,-0.06489932667840755,0.3477301686034373,3.203826815540548e-09,0.7008215957157751,0.6800753534366225,0.49286522794189436,0.7832934645637555,0.9657043972534722,11.118391739110587,-0.3907691350346131,0.41954017690982903,0.7008724062381635,-0.27942013962785184,32.31509572479981,4.167403498478954e-08,0.8768027941488973
