,alpha,beta_Market,beta_HML,beta_SMB,beta_WML,beta_IML,pvalue_alpha,pvalue_Market,pvalue_HML,pvalue_SMB,pvalue_WML,pvalue_IML,tvalue_alpha,tvalue_Market,tvalue_HML,tvalue_SMB,tvalue_WML,tvalue_IML,fvalue,f_pvalue,R_squared_adj
2020-12-31,0.0036513987452718513,-0.018596261377231797,0.07281178741142055,-0.19620305747171474,0.02577406396349434,0.1667032217204072,0.05156883015392419,0.5909554261102552,0.24888676338998594,0.05377904336388032,0.5987963526619932,0.10455397388073166,2.1281700604851186,-0.5500467683384995,1.203105898549727,-2.1055385889181633,0.53834207301276,1.7357504275701316,1.4097279112046102,0.2802106968210612,0.09732883451067664
