,alpha,beta_Market,beta_HML,beta_SMB,beta_WML,beta_IML,pvalue_alpha,pvalue_Market,pvalue_HML,pvalue_SMB,pvalue_WML,pvalue_IML,tvalue_alpha,tvalue_Market,tvalue_HML,tvalue_SMB,tvalue_WML,tvalue_IML,fvalue,f_pvalue,R_squared_adj
2020-12-31,0.0024617624162747882,0.7561048718121908,-0.5597820271541807,0.13191469599934244,0.24607354203640375,0.15247125893555458,0.7971537590194026,0.00014041471453300237,0.03521927878666276,0.7116891748389931,0.2520192538809308,0.6868454149182388,0.26135423513102995,4.965122294104298,-2.300378608815442,0.37622849914720863,1.188393418680733,0.4105535153199264,6.204051422129688,0.002216064967396425,0.5533839819169293
