,alpha,beta_Market,beta_HML,beta_SMB,beta_WML,beta_IML,pvalue_alpha,pvalue_Market,pvalue_HML,pvalue_SMB,pvalue_WML,pvalue_IML,tvalue_alpha,tvalue_Market,tvalue_HML,tvalue_SMB,tvalue_WML,tvalue_IML,fvalue,f_pvalue,R_squared_adj
2020-12-31,-0.0036833989452391335,1.2117622251147437,-0.16545944633570295,-0.043135926676868996,0.06643275614457567,0.2026886622235824,0.2555164310114032,1.635381639621593e-14,0.07920206171381065,0.7398514449329758,0.38306552440499597,0.15199117271700294,-1.1767331947675783,23.867384481302487,-1.8672910084809662,-0.3375270036428511,0.895421546289492,1.4998671696500108,142.8645711697018,2.8821112943270246e-13,0.9699175270893527
