,alpha,beta_Market,beta_HML,beta_SMB,beta_WML,beta_IML,pvalue_alpha,pvalue_Market,pvalue_HML,pvalue_SMB,pvalue_WML,pvalue_IML,tvalue_alpha,tvalue_Market,tvalue_HML,tvalue_SMB,tvalue_WML,tvalue_IML,fvalue,f_pvalue,R_squared_adj
2020-12-31,0.0035009662141081022,0.9886686307901388,-0.1360080675146561,-0.12048317865136543,0.0904214447808313,0.3580728393502346,0.3631940236272184,8.483609291535872e-12,0.21694895958996904,0.4417806677845644,0.32286925876146666,0.040816986909437275,0.9343744418110385,16.268292026746387,-1.2822977927861339,-0.787588913357722,1.0181704707916757,2.2135967491205673,65.67864684009352,1.6342810984095703e-10,0.9363044847970847
