,alpha,beta_Market,beta_HML,beta_SMB,beta_WML,beta_IML,pvalue_alpha,pvalue_Market,pvalue_HML,pvalue_SMB,pvalue_WML,pvalue_IML,tvalue_alpha,tvalue_Market,tvalue_HML,tvalue_SMB,tvalue_WML,tvalue_IML,fvalue,f_pvalue,R_squared_adj
2020-12-31,0.002567005661120736,0.5793205682832557,-0.2534900930506742,-0.18442006220605525,-0.14497893927594124,0.47557621174105424,0.7372538614702386,0.00031750760317967523,0.24028099586067206,0.5473123361504233,0.4554192058166604,0.1530143503817067,0.34138785628615653,4.565567549427245,-1.2196254317523665,-0.6148296612121467,-0.7649805032415163,1.5002855978065226,4.920379629026258,0.006448181436287837,0.48278280180558064
