,alpha,beta_Market,beta_HML,beta_SMB,beta_WML,beta_IML,pvalue_alpha,pvalue_Market,pvalue_HML,pvalue_SMB,pvalue_WML,pvalue_IML,tvalue_alpha,tvalue_Market,tvalue_HML,tvalue_SMB,tvalue_WML,tvalue_IML,fvalue,f_pvalue,R_squared_adj
2020-12-31,0.004137935711007507,1.0013448442242971,-0.07124866457871692,0.032328655529956216,0.009999800857839247,0.06450850326578075,0.01716367744403614,3.780235715455823e-18,0.12662043882351368,0.6198050683203644,0.79097228249257,0.35364407694065847,2.6408529774719915,39.40055367366671,-1.6063064650506376,0.5053453511427412,0.2692575317893266,0.9536116488604589,410.11002546537094,4.286897737845681e-17,0.989359387369029
