,alpha,beta_Market,beta_HML,beta_SMB,beta_WML,beta_IML,pvalue_alpha,pvalue_Market,pvalue_HML,pvalue_SMB,pvalue_WML,pvalue_IML,tvalue_alpha,tvalue_Market,tvalue_HML,tvalue_SMB,tvalue_WML,tvalue_IML,fvalue,f_pvalue,R_squared_adj
2020-12-31,0.013373857117972242,0.7048714238481393,-0.032648152477757764,0.22040932810991345,0.3217167241534342,-0.026937811606170634,0.03197303439767116,3.4836711481238804e-06,0.7976742331271633,0.2554159301776672,0.012829510138546343,0.9005857779847296,2.3816353214348287,7.374984438121893,-0.26128899733558913,1.1858566982972332,2.8508061460194076,-0.12720676236524905,16.34690319558219,2.074073790837189e-05,0.8015344851758177
