,alpha,beta_Market,beta_HML,beta_SMB,beta_WML,beta_IML,pvalue_alpha,pvalue_Market,pvalue_HML,pvalue_SMB,pvalue_WML,pvalue_IML,tvalue_alpha,tvalue_Market,tvalue_HML,tvalue_SMB,tvalue_WML,tvalue_IML,fvalue,f_pvalue,R_squared_adj
2020-12-31,0.00565215113240103,0.6665897637737171,-0.20609042568654798,0.37374150178953625,0.2324172176481035,-0.09778178688884738,0.2681250408542157,2.1150774812692442e-07,0.15858212823624154,0.08114377567999449,0.06337511796750192,0.6522098815196233,1.1448731904992133,8.324543633609089,-1.4746624775947799,1.854193662948041,1.986222704162139,-0.4587707139416854,20.41053453373011,1.2176925758851559e-06,0.8152078445039972
