,alpha,beta_Market,beta_HML,beta_SMB,beta_WML,beta_IML,pvalue_alpha,pvalue_Market,pvalue_HML,pvalue_SMB,pvalue_WML,pvalue_IML,tvalue_alpha,tvalue_Market,tvalue_HML,tvalue_SMB,tvalue_WML,tvalue_IML,fvalue,f_pvalue,R_squared_adj
2020-12-31,-0.011489280692208104,1.388142081215787,0.13814924250732885,-0.5511393172965203,0.06136478708352511,0.9058655873478719,0.21029372798363638,2.420955447703832e-08,0.5874441063686198,0.14448341813426985,0.7727770682395598,0.029419826400102118,-1.3019665442233197,9.698377371316408,0.5530274478023234,-1.5297079549964392,0.29338792866217706,2.377742628562279,24.85339263408069,2.9430497178391074e-07,0.844266490152673
