,alpha,beta_Market,beta_HML,beta_SMB,beta_WML,beta_IML,pvalue_alpha,pvalue_Market,pvalue_HML,pvalue_SMB,pvalue_WML,pvalue_IML,tvalue_alpha,tvalue_Market,tvalue_HML,tvalue_SMB,tvalue_WML,tvalue_IML,fvalue,f_pvalue,R_squared_adj
2020-12-31,0.007957018257998225,0.5715066165779745,-0.29764220346725595,0.041187382945198484,-0.3232299837572,0.04808195601037385,0.45019878936200297,0.003245482935911044,0.32142540392399876,0.923087763378367,0.20282367985874283,0.915119761613583,0.7728935041491984,3.4225416306253895,-1.0213039404383495,0.0979881699390459,-1.324637261735775,0.1081796387485328,3.6546946829322438,0.019882399249755968,0.3763018531978246
