,alpha,beta_Market,beta_HML,beta_SMB,beta_WML,beta_IML,pvalue_alpha,pvalue_Market,pvalue_HML,pvalue_SMB,pvalue_WML,pvalue_IML,tvalue_alpha,tvalue_Market,tvalue_HML,tvalue_SMB,tvalue_WML,tvalue_IML,fvalue,f_pvalue,R_squared_adj
2020-12-31,0.016709511741000573,0.7889449688770233,-0.2231739571110059,0.21201736063197973,0.15503532589889996,0.006268234403411899,0.002489564828728872,1.459112596022004e-08,0.08255390664701776,0.2397187989515397,0.15002103859151208,0.9732307909980024,3.582501812737147,10.462461636732895,-1.8520944823696013,1.2211504866355807,1.51204681567514,0.03408523335229224,27.67095472569624,2.437971268880915e-07,0.8639497858968379
