,alpha,beta_Market,beta_HML,beta_SMB,beta_WML,beta_IML,pvalue_alpha,pvalue_Market,pvalue_HML,pvalue_SMB,pvalue_WML,pvalue_IML,tvalue_alpha,tvalue_Market,tvalue_HML,tvalue_SMB,tvalue_WML,tvalue_IML,fvalue,f_pvalue,R_squared_adj
2020-12-31,0.005715363462653594,0.9693079513695203,-0.1357606598243245,0.08310142327964641,0.20859014999012626,0.04587211013414622,0.05151464804427931,6.759288703887461e-14,0.09683420522233241,0.4659333312673577,0.004972892827185439,0.7018389929378789,2.094403153491331,21.899609877720774,-1.7574442734886766,0.7458732594344398,3.224974238692824,0.38936709295512656,120.09167242602578,1.2075828388919463e-12,0.9643700671182044
