,alpha,beta_Market,beta_HML,beta_SMB,beta_WML,beta_IML,pvalue_alpha,pvalue_Market,pvalue_HML,pvalue_SMB,pvalue_WML,pvalue_IML,tvalue_alpha,tvalue_Market,tvalue_HML,tvalue_SMB,tvalue_WML,tvalue_IML,fvalue,f_pvalue,R_squared_adj
2020-12-31,0.004235384010348045,0.07348549302420959,-0.08299113017606399,-0.05375122536054802,0.04803890662557178,0.12938564953740098,0.07188345676190752,0.044520675339177994,0.22402171088864029,0.5106409649857828,0.36413383502769736,0.1425333977374759,1.9737625473795315,2.243436178973628,-1.2821049762885437,-0.6779884986954698,0.9432969673258669,1.5694051710383392,1.8748737495816397,0.17269138251369578,0.20465487423277906
