,alpha,beta_Market,beta_HML,beta_SMB,beta_WML,beta_IML,pvalue_alpha,pvalue_Market,pvalue_HML,pvalue_SMB,pvalue_WML,pvalue_IML,tvalue_alpha,tvalue_Market,tvalue_HML,tvalue_SMB,tvalue_WML,tvalue_IML,fvalue,f_pvalue,R_squared_adj
2020-12-31,0.005813701946729132,0.7610369751027259,-0.01784361107157225,0.0993887590986388,0.4569071295962737,-0.01977023091235096,0.3850782380784037,1.4977265788397207e-06,0.9241230889951387,0.7135307804533801,0.008841520565116013,0.9448330116747609,0.891552574241675,7.19545277214488,-0.09666475129212772,0.3733117075145976,2.956229556211367,-0.07022633997812001,13.495249650239751,2.0504469645072424e-05,0.7395717677401965
