,alpha,beta_Market,beta_HML,beta_SMB,beta_WML,beta_IML,pvalue_alpha,pvalue_Market,pvalue_HML,pvalue_SMB,pvalue_WML,pvalue_IML,tvalue_alpha,tvalue_Market,tvalue_HML,tvalue_SMB,tvalue_WML,tvalue_IML,fvalue,f_pvalue,R_squared_adj
2020-12-31,0.01808488204137801,0.5962919644904355,0.1919321414674331,-0.15572167351054292,0.10922533717247364,0.26804849478143344,0.008892778147617497,0.0001090383347834857,0.2560538779420449,0.5169409090335038,0.3926132761998674,0.28636819819138154,3.0732661010573996,5.461624830060156,1.1880827199530661,-0.6661851725088059,0.884266459306191,1.1117872220340848,9.6260534837847,0.0005095160689502033,0.7055468467584699
