,alpha,beta_Market,beta_HML,beta_SMB,beta_WML,beta_IML,pvalue_alpha,pvalue_Market,pvalue_HML,pvalue_SMB,pvalue_WML,pvalue_IML,tvalue_alpha,tvalue_Market,tvalue_HML,tvalue_SMB,tvalue_WML,tvalue_IML,fvalue,f_pvalue,R_squared_adj
2020-12-31,-0.0036632929092002033,0.8086856206228585,-0.01561474770428544,-0.020413856915502064,0.38178724170876444,0.15428926264573709,0.32318527301623634,1.0922935752958957e-10,0.8800377076075463,0.8911813156227363,0.0003338259254057471,0.3348106779858968,-1.0174859828471612,13.848243284759532,-0.1532085333105239,-0.13887433822759487,4.4739819274739485,0.9926281577015025,47.76972226378908,2.0443386784363113e-09,0.9140116497541806
