,alpha,beta_Market,beta_HML,beta_SMB,beta_WML,beta_IML,pvalue_alpha,pvalue_Market,pvalue_HML,pvalue_SMB,pvalue_WML,pvalue_IML,tvalue_alpha,tvalue_Market,tvalue_HML,tvalue_SMB,tvalue_WML,tvalue_IML,fvalue,f_pvalue,R_squared_adj
2020-12-31,0.003045333036872094,0.951025586310751,-0.10980917995199575,-0.004023975534847575,0.06212283638526084,0.18641850307573746,0.42224989776474164,1.308358063662277e-11,0.30952359141389596,0.9790765870894278,0.48866961567991263,0.25969312650642473,0.8223734516719822,15.833782069033411,-1.0475243570459074,-0.02661520194825537,0.7077853816857337,1.1660506128260806,64.42360965110274,1.907463305406512e-10,0.9351258356399132
