,alpha,beta_Market,beta_HML,beta_SMB,beta_WML,beta_IML,pvalue_alpha,pvalue_Market,pvalue_HML,pvalue_SMB,pvalue_WML,pvalue_IML,tvalue_alpha,tvalue_Market,tvalue_HML,tvalue_SMB,tvalue_WML,tvalue_IML,fvalue,f_pvalue,R_squared_adj
2020-12-31,0.004781987779020797,0.9544743938119632,-0.1235549591678628,0.13904005160931973,0.23532442529170858,0.0018129762868109404,0.08589102363840875,4.533775703440638e-14,0.11439765904650956,0.21146658503179022,0.0014763274290754641,0.9874115044793863,1.823302269562073,22.43740703562502,-1.6641849342713593,1.2984650884993647,3.785587089616767,0.016011662664330115,128.54077050754108,6.897125252387872e-13,0.9666517030098098
