,alpha,beta_Market,beta_HML,beta_SMB,beta_WML,beta_IML,pvalue_alpha,pvalue_Market,pvalue_HML,pvalue_SMB,pvalue_WML,pvalue_IML,tvalue_alpha,tvalue_Market,tvalue_HML,tvalue_SMB,tvalue_WML,tvalue_IML,fvalue,f_pvalue,R_squared_adj
2020-12-31,0.0030399786278981615,0.921815234342186,-0.08553509349470167,-0.09121667844259483,0.16679339147873526,0.20572784482309542,0.5111116098928284,5.065174401996961e-10,0.513637794714153,0.6281250227303243,0.13866682865773247,0.3074677678907683,0.6711989972512147,12.548240211676042,-0.6671389497408133,-0.49328188709754495,1.5537302903881676,1.0521264592162558,38.12141825524952,1.1809055916458444e-08,0.8940305946932892
