,alpha,beta_Market,beta_HML,beta_SMB,beta_WML,beta_IML,pvalue_alpha,pvalue_Market,pvalue_HML,pvalue_SMB,pvalue_WML,pvalue_IML,tvalue_alpha,tvalue_Market,tvalue_HML,tvalue_SMB,tvalue_WML,tvalue_IML,fvalue,f_pvalue,R_squared_adj
2020-12-31,0.02209825240590707,0.49483875458911897,0.07641748873807723,0.48664730073844714,0.36838278421961473,-0.23509900806535086,0.001711671396432883,0.001211893514985109,0.5552433032846491,0.05549834312179356,0.01123609450771311,0.3644990679260267,3.934256238374013,4.117873293821756,0.6055427996685534,2.1031104452405223,2.9516536202990253,-0.9397114448641973,12.976067835995927,0.00011334166750041637,0.7688761991854912
