,alpha,beta_Market,beta_HML,beta_SMB,beta_WML,beta_IML,pvalue_alpha,pvalue_Market,pvalue_HML,pvalue_SMB,pvalue_WML,pvalue_IML,tvalue_alpha,tvalue_Market,tvalue_HML,tvalue_SMB,tvalue_WML,tvalue_IML,fvalue,f_pvalue,R_squared_adj
2020-12-31,0.005694402070120879,1.0363179609854745,-0.09162504567624231,-0.3134991262147617,0.35072819727405,0.5266030910560523,0.1049221524433388,5.735738095216108e-13,0.3439175280603508,0.03373236038752636,0.0003507141428515416,0.0019018173393214213,1.7128237707000735,19.218334679741805,-0.9735762053154782,-2.3096226718286235,4.450935085436038,3.6689522055357267,85.28580298241285,1.984216311778511e-11,0.9503866475576417
