,alpha,beta_Market,beta_HML,beta_SMB,beta_WML,beta_IML,pvalue_alpha,pvalue_Market,pvalue_HML,pvalue_SMB,pvalue_WML,pvalue_IML,tvalue_alpha,tvalue_Market,tvalue_HML,tvalue_SMB,tvalue_WML,tvalue_IML,fvalue,f_pvalue,R_squared_adj
2020-12-31,-0.016530338270505745,0.6804094401234705,1.0203939693933686,2.894583870989228,1.001900395590968,-0.8801347293704409,0.6152325485488689,0.21706041066087528,0.2504777118588548,0.045968932132705295,0.22236068013645205,0.5058999859016762,-0.5140531690006704,1.2926469115182644,1.198870838206901,2.18981603828167,1.2770451675446963,-0.6827601325586621,2.635175622435781,0.07006385183332357,0.3008505586619803
