,alpha,beta_Market,beta_HML,beta_SMB,beta_WML,beta_IML,pvalue_alpha,pvalue_Market,pvalue_HML,pvalue_SMB,pvalue_WML,pvalue_IML,tvalue_alpha,tvalue_Market,tvalue_HML,tvalue_SMB,tvalue_WML,tvalue_IML,fvalue,f_pvalue,R_squared_adj
2020-12-31,0.009396576678064787,0.5636614617698142,-0.3088883557619716,0.009641087393658071,-0.2831787968265446,0.06084548592170354,0.4211034000362882,0.009704755739386192,0.3407178240925711,0.9833183099279045,0.3381911986448146,0.9006543382728112,0.8257229701301521,2.935199530183703,-0.9819977207529785,0.02123812283955704,-0.9873011497886484,0.1268310660488297,2.1179726902392453,0.11597956056647482,0.21022535378777019
