,alpha,beta_Market,beta_HML,beta_SMB,beta_WML,beta_IML,pvalue_alpha,pvalue_Market,pvalue_HML,pvalue_SMB,pvalue_WML,pvalue_IML,tvalue_alpha,tvalue_Market,tvalue_HML,tvalue_SMB,tvalue_WML,tvalue_IML,fvalue,f_pvalue,R_squared_adj
2020-12-31,0.00546173113212258,0.9628958073173277,-0.034834364466756765,0.11218284106453547,0.09665483469662317,-0.0873115524374482,0.3347625831127905,5.020188893666567e-09,0.8256830296094917,0.6238840606395029,0.46868317785077085,0.7177136451229214,0.9927297322384431,10.790415840524794,-0.22366591064932756,0.49942156697809453,0.7412083769665149,-0.36759239663199544,30.84600268543771,5.9199266426354635e-08,0.8715178515748061
