,alpha,beta_Market,beta_HML,beta_SMB,beta_WML,beta_IML,pvalue_alpha,pvalue_Market,pvalue_HML,pvalue_SMB,pvalue_WML,pvalue_IML,tvalue_alpha,tvalue_Market,tvalue_HML,tvalue_SMB,tvalue_WML,tvalue_IML,fvalue,f_pvalue,R_squared_adj
2020-12-31,0.002001224903446467,0.9504868518852956,-0.10288549299011315,-0.082504970689553,0.1943558450396754,0.2746899097997701,0.43882243946808097,2.5849771809390353e-14,0.1680780506556554,0.434441777318465,0.004727465033865324,0.021999986662965623,0.7927944343801743,23.21501569541304,-1.4398260632453619,-0.8005435351557999,3.248465991851608,2.5205858745318084,131.70220055006413,5.644412884393337e-13,0.9674320626748821
