,alpha,beta_Market,beta_HML,beta_SMB,beta_WML,beta_IML,pvalue_alpha,pvalue_Market,pvalue_HML,pvalue_SMB,pvalue_WML,pvalue_IML,tvalue_alpha,tvalue_Market,tvalue_HML,tvalue_SMB,tvalue_WML,tvalue_IML,fvalue,f_pvalue,R_squared_adj
2020-12-31,0.0028918426814388276,2.0398871185387977,-0.021805761985023528,0.20889250880733495,-0.16032241093417587,-0.12369513495448212,0.4943788328896338,2.9718556513167165e-16,0.8546226589076855,0.23340362444054064,0.12073582987184171,0.49831778038443253,0.698386940957579,30.372864744572876,-0.18603039486049494,1.2356186616335403,-1.6335472702921414,-0.6919395627817331,261.78426433356327,1.8595706343218252e-15,0.9834077636127556
