,alpha,beta_Market,beta_HML,beta_SMB,beta_WML,beta_IML,pvalue_alpha,pvalue_Market,pvalue_HML,pvalue_SMB,pvalue_WML,pvalue_IML,tvalue_alpha,tvalue_Market,tvalue_HML,tvalue_SMB,tvalue_WML,tvalue_IML,fvalue,f_pvalue,R_squared_adj
2020-12-31,0.007494051129328638,1.0500168674797292,0.7575630626314742,-0.4816943707049899,1.323585754337948,0.7430922791198495,0.8117702681443923,0.05201134723315089,0.39975139907412083,0.7080747279427524,0.08924564850904419,0.5857655300652713,0.24187549437656647,2.0894388613808412,0.8637443175106921,-0.38079122823530576,1.802367413766818,0.5555358171757838,1.6361498317416003,0.20407632795448527,0.1263167008519297
