,alpha,beta_Market,beta_HML,beta_SMB,beta_WML,beta_IML,pvalue_alpha,pvalue_Market,pvalue_HML,pvalue_SMB,pvalue_WML,pvalue_IML,tvalue_alpha,tvalue_Market,tvalue_HML,tvalue_SMB,tvalue_WML,tvalue_IML,fvalue,f_pvalue,R_squared_adj
2020-12-31,0.01098396561361981,1.0551565272907937,-0.2164781946690281,-0.00022353761625878987,0.12836623883944032,0.21030189303985358,0.021472721876677064,3.1009450230045866e-11,0.0958472366757407,0.9990075205136599,0.22871562738307546,0.2770140014480664,2.532404158417066,14.99853763697971,-1.7631091718804797,-0.0012623059089077757,1.2486499216556148,1.1230811364385915,55.48606148926516,6.272334623938445e-10,0.9252794313506242
