,alpha,beta_Market,beta_HML,beta_SMB,beta_WML,beta_IML,pvalue_alpha,pvalue_Market,pvalue_HML,pvalue_SMB,pvalue_WML,pvalue_IML,tvalue_alpha,tvalue_Market,tvalue_HML,tvalue_SMB,tvalue_WML,tvalue_IML,fvalue,f_pvalue,R_squared_adj
2020-12-31,0.018347332269604395,0.6335065264012785,-0.04003846964538232,-0.07193645854116074,0.3274868249309099,0.08574457524873952,0.003936394291845199,1.7940808269897798e-06,0.8002907158576975,0.7527892279338,0.022472028239074963,0.7226701364011436,3.333317817062696,7.095991146441646,-0.2569641046653624,-0.32010539777857694,2.510230804021965,0.3608315869056425,11.921882152304518,4.5484188848102405e-05,0.7128290143297957
