,alpha,beta_Market,beta_HML,beta_SMB,beta_WML,beta_IML,pvalue_alpha,pvalue_Market,pvalue_HML,pvalue_SMB,pvalue_WML,pvalue_IML,tvalue_alpha,tvalue_Market,tvalue_HML,tvalue_SMB,tvalue_WML,tvalue_IML,fvalue,f_pvalue,R_squared_adj
2020-12-31,-0.12039152917092928,0.8582846254058806,-1.1139471944439379,0.20680154115634508,0.49235477737699396,-2.5180641476856294,0.1814036898009689,0.23031776817554347,0.4228626722175508,0.9151759082044432,0.8192743290010285,0.35193201163453386,-3.413908266420662,2.64243351264356,-1.2772909208502987,0.13403550136232942,0.29176336075385345,-1.6207901553199067,5.371074915511349,0.31591550775864624,0.7846017118422011
