,alpha,beta_Market,beta_HML,beta_SMB,beta_WML,beta_IML,pvalue_alpha,pvalue_Market,pvalue_HML,pvalue_SMB,pvalue_WML,pvalue_IML,tvalue_alpha,tvalue_Market,tvalue_HML,tvalue_SMB,tvalue_WML,tvalue_IML,fvalue,f_pvalue,R_squared_adj
2020-12-31,-0.013083443749717249,1.0782202907666798,-0.8787423253989464,-1.2666840106781208,-0.5051337624094843,0.15608455453977488,0.04376616353795238,0.004899058303896206,0.016136956321736184,0.019802815949196743,0.05419901319743302,0.15851632668003549,-14.523011920269523,129.94481103372553,-39.442594254079005,-32.13757228762289,-11.717573853794365,3.932770790457306,5960.574118566733,0.009833434624697587,0.9997986838662007
