,alpha,beta_Market,beta_HML,beta_SMB,beta_WML,beta_IML,pvalue_alpha,pvalue_Market,pvalue_HML,pvalue_SMB,pvalue_WML,pvalue_IML,tvalue_alpha,tvalue_Market,tvalue_HML,tvalue_SMB,tvalue_WML,tvalue_IML,fvalue,f_pvalue,R_squared_adj
2020-12-31,-0.012571375544128004,1.0502765983025075,-0.7152982497772138,-1.314016058137749,-0.31855704599546975,0.25671518838314467,0.2114345836817712,0.02419476941503974,0.09472680327653273,0.09127465107216201,0.36751737878471963,0.4072436654905494,-2.8994242114899964,26.29961972717974,-6.67091532269192,-6.92691389667994,-1.5353693138520021,1.3439546342264024,262.2474147665079,0.046846506779924,0.9954276554750305
