,alpha,beta_Market,beta_HML,beta_SMB,beta_WML,beta_IML,pvalue_alpha,pvalue_Market,pvalue_HML,pvalue_SMB,pvalue_WML,pvalue_IML,tvalue_alpha,tvalue_Market,tvalue_HML,tvalue_SMB,tvalue_WML,tvalue_IML,fvalue,f_pvalue,R_squared_adj
2020-12-31,-0.011314478527620698,0.9346565575764014,-0.9499115364949534,0.6005474127826378,-0.7852096559948574,-1.2159305656058503,0.3185679556101025,0.03876680598631205,0.10167150175547623,0.2695901982005038,0.22954622247488624,0.14038878194655968,-1.8287253724294086,16.401471908472146,-6.208210224527747,2.218561151905081,-2.6521388640839225,-4.460944373275117,100.18499879632698,0.07570014806766374,0.9880460226688379
