,alpha,beta_Market,beta_HML,beta_SMB,beta_WML,beta_IML,pvalue_alpha,pvalue_Market,pvalue_HML,pvalue_SMB,pvalue_WML,pvalue_IML,tvalue_alpha,tvalue_Market,tvalue_HML,tvalue_SMB,tvalue_WML,tvalue_IML,fvalue,f_pvalue,R_squared_adj
2020-12-31,0.02978856966305377,0.13894485084939104,0.5811672392016044,0.7832628870809913,0.09987954409528627,0.5588336916288305,0.2614449541458449,0.4521119235849877,0.3210746458250955,0.3991606067766416,0.8984284257642003,0.5070996348198726,2.2965484272564867,1.1630147785988816,1.8117421439690558,1.3802052090795038,0.16091598528284443,0.9779409294379046,2.955979907942779,0.4139511653528418,0.6197694424543347
