,alpha,beta_Market,beta_HML,beta_SMB,beta_WML,beta_IML,pvalue_alpha,pvalue_Market,pvalue_HML,pvalue_SMB,pvalue_WML,pvalue_IML,tvalue_alpha,tvalue_Market,tvalue_HML,tvalue_SMB,tvalue_WML,tvalue_IML,fvalue,f_pvalue,R_squared_adj
2020-12-31,-0.08310832485747555,1.406196264231708,-1.1003359779760062,-3.456131552857717,2.3787709555333763,2.364843319276011,0.7216575300022421,0.5483365771657583,0.8439079867417892,0.7338502295441411,0.8264542642137648,0.813353302518802,-0.46738799712804197,0.8586096900621426,-0.2502232407913681,-0.4442561485447622,0.27956470041338427,0.3018835738827006,0.4179925825002172,0.8174023657380127,-0.9417708787784331
