,alpha,beta_Market,beta_HML,beta_SMB,beta_WML,beta_IML,pvalue_alpha,pvalue_Market,pvalue_HML,pvalue_SMB,pvalue_WML,pvalue_IML,tvalue_alpha,tvalue_Market,tvalue_HML,tvalue_SMB,tvalue_WML,tvalue_IML,fvalue,f_pvalue,R_squared_adj
2020-12-31,-0.00476073191779095,0.8332758555097306,-0.17234862383773983,-0.3034371518194172,0.8205139791758024,0.1270882326340136,0.9017571840212808,0.20766470008498078,0.857462917984522,0.8581273273180708,0.6748828061431531,0.9401695857541434,-0.1555562505220367,2.9561016054501947,-0.22771459381610304,-0.22661708505434308,0.5602687565342417,0.09425907297757685,5.194221159093948,0.3208622564640723,0.7775397106258874
