,alpha,beta_Market,beta_HML,beta_SMB,beta_WML,beta_IML,pvalue_alpha,pvalue_Market,pvalue_HML,pvalue_SMB,pvalue_WML,pvalue_IML,tvalue_alpha,tvalue_Market,tvalue_HML,tvalue_SMB,tvalue_WML,tvalue_IML,fvalue,f_pvalue,R_squared_adj
2020-12-31,0.001478681604682175,0.8596087339551322,-0.2780938814384921,-0.16569115549480662,0.3518057283525481,0.5347612151321999,0.9509115522695941,0.1287646042824618,0.6618166709772724,0.875634010329675,0.7665152880715801,0.6401743058800373,0.07726113632137499,4.876453190668851,-0.587553150760258,-0.1978772670385942,0.3841368828773416,0.6342352949456943,11.074421040426676,0.2241082650310637,0.8935643794304684
