,alpha,beta_Market,beta_HML,beta_SMB,beta_WML,beta_IML,pvalue_alpha,pvalue_Market,pvalue_HML,pvalue_SMB,pvalue_WML,pvalue_IML,tvalue_alpha,tvalue_Market,tvalue_HML,tvalue_SMB,tvalue_WML,tvalue_IML,fvalue,f_pvalue,R_squared_adj
2020-12-31,0.008461847688523677,0.9383943430867684,-1.3176695394832054,0.5730543319447265,-0.8767802399951807,-1.3051160972676548,0.8699475386468842,0.24272534692361877,0.4163619318530848,0.8024408352919403,0.7315430966852441,0.6005112315937965,0.2071759860871893,2.494459235062342,-1.3045178376705366,0.3206861224265934,-0.4486024534303548,-0.7253163061456269,2.1449701650854682,0.47491779216204777,0.4882664104358603
