,alpha,beta_Market,beta_HML,beta_SMB,beta_WML,beta_IML,pvalue_alpha,pvalue_Market,pvalue_HML,pvalue_SMB,pvalue_WML,pvalue_IML,tvalue_alpha,tvalue_Market,tvalue_HML,tvalue_SMB,tvalue_WML,tvalue_IML,fvalue,f_pvalue,R_squared_adj
2020-12-31,-0.02884072358182225,1.1556361694592034,-1.0331937919138123,-0.528266752856587,-0.7096871999928136,-0.753784245394912,0.2134433815405117,0.050879013750317094,0.15027231881952066,0.44188071059296447,0.37911864602630113,0.3380708117624775,-2.870011315852513,12.485772059348196,-4.1574645005342745,-1.2015473538805626,-1.4758462269881039,-1.7026626022398939,57.375780649547806,0.09988249286830912,0.9791579030894229
