,alpha,beta_Market,beta_HML,beta_SMB,beta_WML,beta_IML,pvalue_alpha,pvalue_Market,pvalue_HML,pvalue_SMB,pvalue_WML,pvalue_IML,tvalue_alpha,tvalue_Market,tvalue_HML,tvalue_SMB,tvalue_WML,tvalue_IML,fvalue,f_pvalue,R_squared_adj
2020-12-31,-0.0031855583341003513,0.8236292996659479,0.25456211152505764,0.1331419814552003,0.9343737308343386,0.10919010115470063,0.8046563743012753,0.07127549490019557,0.4924995324155547,0.8128835352576849,0.30270355135609206,0.8461263323630234,-0.3168523267975526,8.894467351827275,1.0238454573808142,0.3026889104591301,1.9421762481562288,0.24652370766731946,57.42071291183783,0.09984367672953844,0.9791741556228912
