,alpha,beta_Market,beta_HML,beta_SMB,beta_WML,beta_IML,pvalue_alpha,pvalue_Market,pvalue_HML,pvalue_SMB,pvalue_WML,pvalue_IML,tvalue_alpha,tvalue_Market,tvalue_HML,tvalue_SMB,tvalue_WML,tvalue_IML,fvalue,f_pvalue,R_squared_adj
2020-12-31,-0.0736472355615327,1.411486637421394,-1.02101875726611,-3.416155622495012,2.1002861715159584,2.5675035531967585,0.7511780712851702,0.5487796811077975,0.8554818141950249,0.7377955413679409,0.8467020913586536,0.7993400826716811,-0.41204721304385006,0.8574012682153034,-0.23099020094193787,-0.43685602905986054,0.24556455718183418,0.32606611480595954,0.39425509525731556,0.8278755519844601,-1.019334810213775
