,alpha,beta_Market,beta_HML,beta_SMB,beta_WML,beta_IML,pvalue_alpha,pvalue_Market,pvalue_HML,pvalue_SMB,pvalue_WML,pvalue_IML,tvalue_alpha,tvalue_Market,tvalue_HML,tvalue_SMB,tvalue_WML,tvalue_IML,fvalue,f_pvalue,R_squared_adj
2020-12-31,-0.0053136148180543425,0.7676713391139298,0.026926205939290515,-0.1509684215265723,0.7219823299790556,0.19544144631049254,0.8482552941230956,0.16335343422645626,0.9683302102647751,0.9003701429388601,0.615524554601946,0.8725833798315697,-0.2429792131827152,3.811283000651252,0.04978786688994591,-0.15778849070160536,0.68992566488966,0.20286158012875402,9.040940549473394,0.24705630219246577,0.8701430884036601
