,alpha,beta_Market,beta_HML,beta_SMB,beta_WML,beta_IML,pvalue_alpha,pvalue_Market,pvalue_HML,pvalue_SMB,pvalue_WML,pvalue_IML,tvalue_alpha,tvalue_Market,tvalue_HML,tvalue_SMB,tvalue_WML,tvalue_IML,fvalue,f_pvalue,R_squared_adj
2020-12-31,-0.005588301497173558,0.49026592077351905,0.3705580880438971,0.3670261286800188,0.5562726162145247,0.07666155883119663,0.7045728881089413,0.13162767024820818,0.4076830597061125,0.5897861252887338,0.48716419784257836,0.9015727803001838,-0.5005103706899913,4.767402024975466,1.3420195832329145,0.7513467121950763,1.0411603318059164,0.1558529337222499,19.210473677446565,0.17143759268465836,0.9381777065340602
