,alpha,beta_Market,beta_HML,beta_SMB,beta_WML,beta_IML,pvalue_alpha,pvalue_Market,pvalue_HML,pvalue_SMB,pvalue_WML,pvalue_IML,tvalue_alpha,tvalue_Market,tvalue_HML,tvalue_SMB,tvalue_WML,tvalue_IML,fvalue,f_pvalue,R_squared_adj
2020-12-31,-0.006422037554986104,1.0780139014402552,-0.23705643307147417,-0.1870161149063001,-0.10537084241538996,-0.25103964050450656,0.42439303862894556,0.027466413052844703,0.3088302508776192,0.5529963826641735,0.7383617490335377,0.46182250986660517,-1.2709844925934992,23.163735184016186,-1.897092298078039,-0.8459731848119799,-0.4357973078674717,-1.1277525018165118,261.5238132665519,0.04691117214692927,0.9954150140752462
