,alpha,beta_Market,beta_HML,beta_SMB,beta_WML,beta_IML,pvalue_alpha,pvalue_Market,pvalue_HML,pvalue_SMB,pvalue_WML,pvalue_IML,tvalue_alpha,tvalue_Market,tvalue_HML,tvalue_SMB,tvalue_WML,tvalue_IML,fvalue,f_pvalue,R_squared_adj
2020-12-31,-0.0468555452942934,0.8559145869821021,-0.09884795864265783,-0.8573027159956801,1.319908532227,-0.0028310390509966865,0.2251794090969945,0.11718130012901554,0.8554579963262676,0.4604685267374911,0.3566365627701059,0.997635394440906,-2.708267966120446,5.37128112746147,-0.23102961053012064,-1.1325959172296018,1.5943040626202658,-0.0037143308076852794,21.267985697562857,0.16309600936193427,0.94410281351472
