,alpha,beta_Market,beta_HML,beta_SMB,beta_WML,beta_IML,pvalue_alpha,pvalue_Market,pvalue_HML,pvalue_SMB,pvalue_WML,pvalue_IML,tvalue_alpha,tvalue_Market,tvalue_HML,tvalue_SMB,tvalue_WML,tvalue_IML,fvalue,f_pvalue,R_squared_adj
2020-12-31,0.0026291020274654096,0.7885131464362813,0.015845797586555743,0.7411302602000054,0.6075980312096325,-0.40279458101983967,0.8690110536969982,0.09300622117487871,0.9676461091089306,0.40706311488779384,0.49747128968473653,0.60030403032694,0.20871062127426937,6.796148633509395,0.050865172236361125,1.3447508030970567,1.0079759006824627,-0.7258131194308604,31.19337040293218,0.13507053020814036,0.961775368984022
