,alpha,beta_Market,beta_HML,beta_SMB,beta_WML,beta_IML,pvalue_alpha,pvalue_Market,pvalue_HML,pvalue_SMB,pvalue_WML,pvalue_IML,tvalue_alpha,tvalue_Market,tvalue_HML,tvalue_SMB,tvalue_WML,tvalue_IML,fvalue,f_pvalue,R_squared_adj
2020-12-31,-0.00827882014071106,0.5128928084336644,-0.02419079362538812,-0.05932054284499366,0.017788195755302494,-0.2821416058233343,0.667379800299486,0.16084545987624532,0.9567508683514859,0.9401368719024172,0.9835426980164031,0.7332054342379646,-0.575857650314698,3.873380145705761,-0.06804028349035651,-0.09431091658689104,0.025856829609771655,-0.4454694350774936,8.719599872308839,0.25136874841249635,0.8654648171242034
