,alpha,beta_Market,beta_HML,beta_SMB,beta_WML,beta_IML,pvalue_alpha,pvalue_Market,pvalue_HML,pvalue_SMB,pvalue_WML,pvalue_IML,tvalue_alpha,tvalue_Market,tvalue_HML,tvalue_SMB,tvalue_WML,tvalue_IML,fvalue,f_pvalue,R_squared_adj
2020-12-31,0.00042141714865674175,0.9701516661954571,0.06598278741785163,0.007286115132107085,0.29484721444573647,0.00847827601108364,0.8040675882899642,0.008012405772992072,0.2935825112001089,0.9204472326542227,0.13492034214862586,0.90822875496549,0.3178703402937742,79.4500647765243,2.0125086950778814,0.1256157187957937,4.647629630283707,0.14516082827991061,3584.686878389088,0.012679846918382778,0.9996652614041368
