,alpha,beta_Market,beta_HML,beta_SMB,beta_WML,beta_IML,pvalue_alpha,pvalue_Market,pvalue_HML,pvalue_SMB,pvalue_WML,pvalue_IML,tvalue_alpha,tvalue_Market,tvalue_HML,tvalue_SMB,tvalue_WML,tvalue_IML,fvalue,f_pvalue,R_squared_adj
2020-12-31,-0.02402124896125793,1.4950789445338382,-1.161841575120941,-1.387261959864336,0.5073985946022872,0.41673102446801036,0.41621117322882495,0.07187550794236573,0.23770100534300667,0.33481078501402695,0.6672541099509617,0.6977639279660882,-1.3051578437428064,8.819590029958032,-2.5526053267361424,-1.722804854248411,0.5761205856195883,0.5139576931364153,33.35242914257867,0.13067927679790292,0.9642350783336524
