,alpha,beta_Market,beta_HML,beta_SMB,beta_WML,beta_IML,pvalue_alpha,pvalue_Market,pvalue_HML,pvalue_SMB,pvalue_WML,pvalue_IML,tvalue_alpha,tvalue_Market,tvalue_HML,tvalue_SMB,tvalue_WML,tvalue_IML,fvalue,f_pvalue,R_squared_adj
2020-12-31,-0.006557315186631454,0.8862595884581546,-0.24843773502411526,-0.3770502137817604,0.5327607195771892,0.04945196574196198,0.7722898771606272,0.11481191557608264,0.6689353624362364,0.7093176305399795,0.6400089546757907,0.9593231714864517,-0.37376355641357295,5.4846467400052505,-0.5726084599829758,-0.4912247513265849,0.6345995667956876,0.06398210705580468,16.15657257444971,0.1865775087116195,0.9266349967550966
