,alpha,beta_Market,beta_HML,beta_SMB,beta_WML,beta_IML,pvalue_alpha,pvalue_Market,pvalue_HML,pvalue_SMB,pvalue_WML,pvalue_IML,tvalue_alpha,tvalue_Market,tvalue_HML,tvalue_SMB,tvalue_WML,tvalue_IML,fvalue,f_pvalue,R_squared_adj
2020-12-31,0.029314782255065612,1.336544099512723,-0.7993334542075116,0.17213238341213477,-1.8827285709363961,-1.009810526734329,0.3468107443178093,0.07754157560379873,0.31990319895878394,0.8612325672093523,0.2699730438286226,0.41970433742398316,1.6503532169987363,8.169403433313546,-1.8196485922575485,0.22149451162044678,-2.215004560463218,-1.2904292814344809,22.780335734082854,0.15768637608317648,0.9477814417558643
