,alpha,beta_Market,beta_HML,beta_SMB,beta_WML,beta_IML,pvalue_alpha,pvalue_Market,pvalue_HML,pvalue_SMB,pvalue_WML,pvalue_IML,tvalue_alpha,tvalue_Market,tvalue_HML,tvalue_SMB,tvalue_WML,tvalue_IML,fvalue,f_pvalue,R_squared_adj
2020-12-31,-0.017271596909052805,1.0248927677269106,-0.4135685432960693,-0.7420399548182663,0.40769972105305763,0.3168440195122697,0.6446916945803043,0.15512679701007198,0.6538547923266684,0.6498697272613688,0.8098040669497071,0.8380794067674321,-0.6243294559388474,4.022319639192001,-0.6045025464118495,-0.6130822997536556,0.3079771006886562,0.25997460678808865,7.666801906826009,0.2672576518824622,0.8474602495127324
