,alpha,beta_Market,beta_HML,beta_SMB,beta_WML,beta_IML,pvalue_alpha,pvalue_Market,pvalue_HML,pvalue_SMB,pvalue_WML,pvalue_IML,tvalue_alpha,tvalue_Market,tvalue_HML,tvalue_SMB,tvalue_WML,tvalue_IML,fvalue,f_pvalue,R_squared_adj
2020-12-31,-0.008900904897338153,0.873791893377223,-0.313277037203641,0.31783344650944234,0.4250642414623378,-0.4871457310443985,0.4613287474331077,0.052759560561359484,0.3542753035954303,0.5258675560712487,0.46197117198660653,0.3941747366718406,-1.12951607324948,12.03879682350256,-1.607519027248484,0.9218664456136334,1.127222129485428,-1.403205375630097,81.46922905815494,0.08390787497584501,0.9853065834728831
