,alpha,beta_Market,beta_HML,beta_SMB,beta_WML,beta_IML,pvalue_alpha,pvalue_Market,pvalue_HML,pvalue_SMB,pvalue_WML,pvalue_IML,tvalue_alpha,tvalue_Market,tvalue_HML,tvalue_SMB,tvalue_WML,tvalue_IML,fvalue,f_pvalue,R_squared_adj
2020-12-31,-0.023240753892856913,1.0867167680999208,-0.2713003801501497,-1.2171261922267558,0.7829913962772028,0.6783324899665089,0.6080363710123693,0.17288221338365362,0.7948265704069365,0.5526911109257993,0.7058185520779743,0.720980885433171,-0.7074298103449632,3.591421120246334,-0.33392801186843274,-0.8467962166557895,0.4980659069057838,0.46868369785253594,6.715632299530777,0.28454430732807084,0.8264800747024359
