,alpha,beta_Market,beta_HML,beta_SMB,beta_WML,beta_IML,pvalue_alpha,pvalue_Market,pvalue_HML,pvalue_SMB,pvalue_WML,pvalue_IML,tvalue_alpha,tvalue_Market,tvalue_HML,tvalue_SMB,tvalue_WML,tvalue_IML,fvalue,f_pvalue,R_squared_adj
2020-12-31,0.02141704278306352,0.8194396180112311,0.004600625373590683,1.479003713459062,0.5045384500540051,-0.0307714192505415,0.4564891590971035,0.13170326440870336,0.9936577503945774,0.3212765895285646,0.6727620511172077,0.9761976027239104,1.1469669516705476,4.7645860699606,0.00996271198260395,1.8103844906324413,0.5646539220412282,-0.03740615005647378,14.41087383973632,0.19726466005493062,0.9178693887057983
