,alpha,beta_Market,beta_HML,beta_SMB,beta_WML,beta_IML,pvalue_alpha,pvalue_Market,pvalue_HML,pvalue_SMB,pvalue_WML,pvalue_IML,tvalue_alpha,tvalue_Market,tvalue_HML,tvalue_SMB,tvalue_WML,tvalue_IML,fvalue,f_pvalue,R_squared_adj
2020-12-31,0.007447065784264885,0.9239820216638147,-1.2971810525192824,0.552500706121535,-0.8500987625647809,-1.2774928996091075,0.8835219053747119,0.24289389805575523,0.41665702435701646,0.8064433632845189,0.7353720428298063,0.6025306742588993,0.18503267855141992,2.4925483174015857,-1.3032662438416083,0.3137662582696014,-0.441396931438905,-0.7204864616623242,2.1475021782028234,0.4746838001886154,0.4888183656900018
