,alpha,beta_Market,beta_HML,beta_SMB,beta_WML,beta_IML,pvalue_alpha,pvalue_Market,pvalue_HML,pvalue_SMB,pvalue_WML,pvalue_IML,tvalue_alpha,tvalue_Market,tvalue_HML,tvalue_SMB,tvalue_WML,tvalue_IML,fvalue,f_pvalue,R_squared_adj
2020-12-31,0.0006084849991336173,0.9891613876259178,-1.5384415815303178,-0.6165492881364452,-0.6749914284833715,-0.3663081800277624,0.9932802129884822,0.313608974789175,0.47576916568338207,0.8473614661466029,0.8472204047659069,0.9088015773775097,0.01055580878900747,1.8630547289575023,-1.0791751911089185,-0.2444666351876483,-0.24470146902586432,-0.14424220065843146,1.1175834804731828,0.6123815620597832,0.08924176890177371
