,alpha,beta_Market,beta_HML,beta_SMB,beta_WML,beta_IML,pvalue_alpha,pvalue_Market,pvalue_HML,pvalue_SMB,pvalue_WML,pvalue_IML,tvalue_alpha,tvalue_Market,tvalue_HML,tvalue_SMB,tvalue_WML,tvalue_IML,fvalue,f_pvalue,R_squared_adj
2020-12-31,-0.013466465384105557,0.8924256296177708,-2.765033615358433,-0.07354040104706772,-2.340261678946163,-1.5372481735682793,0.8473210755604734,0.32902549220731603,0.2913585184913521,0.9805747387690029,0.5376969597373866,0.64045067688502,-0.24453387336082127,1.7594391908086284,-2.0302762213076146,-0.030522602276909585,-0.8880685890214538,-0.633626712198908,1.1811311919027199,0.6002801930181887,0.13114698514134937
