,alpha,beta_Market,beta_HML,beta_SMB,beta_WML,beta_IML,pvalue_alpha,pvalue_Market,pvalue_HML,pvalue_SMB,pvalue_WML,pvalue_IML,tvalue_alpha,tvalue_Market,tvalue_HML,tvalue_SMB,tvalue_WML,tvalue_IML,fvalue,f_pvalue,R_squared_adj
2020-12-31,-0.0131899500034737,1.2232346594977648,-0.44275395867931056,0.39222215923052106,-0.6529473217656805,-0.3390603551408895,0.5536438958338464,0.07454946842106526,0.4567808455578796,0.6683649120148025,0.542971153080196,0.7086102900652272,-0.8442296564290117,8.500491785092471,-1.145906577796023,0.5737989335734892,-0.8733579537566726,-0.4926047003239097,29.77105524953994,0.13821743310743306,0.9599613697279339
