,alpha,beta_Market,beta_HML,beta_SMB,beta_WML,beta_IML,pvalue_alpha,pvalue_Market,pvalue_HML,pvalue_SMB,pvalue_WML,pvalue_IML,tvalue_alpha,tvalue_Market,tvalue_HML,tvalue_SMB,tvalue_WML,tvalue_IML,fvalue,f_pvalue,R_squared_adj
2020-12-31,0.00828736612887429,0.026143566227825724,1.6666853742896843,1.9074226905757459,3.447321970559122,0.3501475643890164,0.8961697286767067,0.9641569665819469,0.4085498740375318,0.5457532174713147,0.3884017255379262,0.9003516149891742,0.1645579034404211,0.056361671953122285,1.3382127044203118,0.8656838589100376,1.430476563640362,0.15781831907315788,2.078973752337163,0.48114056068198896,0.47344720457207523
