,alpha,beta_Market,beta_HML,beta_SMB,beta_WML,beta_IML,pvalue_alpha,pvalue_Market,pvalue_HML,pvalue_SMB,pvalue_WML,pvalue_IML,tvalue_alpha,tvalue_Market,tvalue_HML,tvalue_SMB,tvalue_WML,tvalue_IML,fvalue,f_pvalue,R_squared_adj
2020-12-31,0.009266638945788459,0.9551492522836645,-0.1395935612206336,-0.4123346995961148,0.45209895939328715,0.9926333395798436,0.6571296155612019,0.0945081403676085,0.77778494351204,0.6523747172913634,0.6516781381064352,0.38378285942409984,0.5975004112997118,6.686579704346745,-0.36395748729033894,-0.6076814876624608,0.6091807259172649,1.4528102939602465,21.194803209886867,0.16337210420279588,0.943911613103996
