,alpha,beta_Market,beta_HML,beta_SMB,beta_WML,beta_IML,pvalue_alpha,pvalue_Market,pvalue_HML,pvalue_SMB,pvalue_WML,pvalue_IML,tvalue_alpha,tvalue_Market,tvalue_HML,tvalue_SMB,tvalue_WML,tvalue_IML,fvalue,f_pvalue,R_squared_adj
2020-12-31,-0.059618171105297345,1.0072839415929564,-0.9434004443112705,-4.072219936177497,2.3465561346755033,3.40617068018166,0.8182683752312991,0.6856009126730769,0.8818278767027373,0.7264836450933111,0.8492088057898206,0.7684798169237654,-0.29347881303876294,0.5383526241650753,-0.18778611878172777,-0.45818354311067006,0.2413935895803795,0.3805998345520277,0.19941434371211553,0.9247238815551951,-2.004398862713152
