,alpha,beta_Market,beta_HML,beta_SMB,beta_WML,beta_IML,pvalue_alpha,pvalue_Market,pvalue_HML,pvalue_SMB,pvalue_WML,pvalue_IML,tvalue_alpha,tvalue_Market,tvalue_HML,tvalue_SMB,tvalue_WML,tvalue_IML,fvalue,f_pvalue,R_squared_adj
2020-12-31,-0.003169465362410622,0.9054241070813083,-0.3396630346019864,-0.7906931480968162,0.1917107089488782,-0.0468018388434564,0.9354549444721932,0.19537980699447638,0.7356552568073267,0.6653529253941424,0.918579331670164,0.9782996175624958,-0.10173596851336579,3.1554215454676506,-0.4408654894186611,-0.5801050485180324,0.1285972161847444,-0.03410008918627472,4.915919174920146,0.3291394051383309,0.7654380456433363
