,alpha,beta_Market,beta_HML,beta_SMB,beta_WML,beta_IML,pvalue_alpha,pvalue_Market,pvalue_HML,pvalue_SMB,pvalue_WML,pvalue_IML,tvalue_alpha,tvalue_Market,tvalue_HML,tvalue_SMB,tvalue_WML,tvalue_IML,fvalue,f_pvalue,R_squared_adj
2020-12-31,0.019764305020785883,1.1169599712281177,0.05702508903704717,-0.032833372432590435,-0.08505597995783132,-0.09791944658602947,0.594330649850175,0.021495116999563843,0.7976435884012676,0.9526904355376868,0.830977813739607,0.7867125890307936,0.5939901651083993,4.420423290567665,0.2800439287477667,-0.06441686959542646,-0.232684092507189,-0.2957470882568471,17.014999856812604,0.020693965969376286,0.9091683217141101
