,alpha,beta_Market,beta_HML,beta_SMB,beta_WML,beta_IML,pvalue_alpha,pvalue_Market,pvalue_HML,pvalue_SMB,pvalue_WML,pvalue_IML,tvalue_alpha,tvalue_Market,tvalue_HML,tvalue_SMB,tvalue_WML,tvalue_IML,fvalue,f_pvalue,R_squared_adj
2020-12-31,0.04168582693773759,0.7856248503606524,0.09648265189868321,-0.7888864234045201,-0.32663286153866705,0.5019458690378972,0.18952122964856133,0.024705872064810123,0.568077846288523,0.12797091370014058,0.3143554181523589,0.13332366285035643,1.6904537259167607,4.19525748127891,0.6393322037659032,-2.0884100008449,-1.2056989312555173,2.045622871839983,21.774442472813544,0.014551872751767175,0.9284898382632726
