,alpha,beta_Market,beta_HML,beta_SMB,beta_WML,beta_IML,pvalue_alpha,pvalue_Market,pvalue_HML,pvalue_SMB,pvalue_WML,pvalue_IML,tvalue_alpha,tvalue_Market,tvalue_HML,tvalue_SMB,tvalue_WML,tvalue_IML,fvalue,f_pvalue,R_squared_adj
2020-12-31,-0.002859466977220268,1.5319030839633765,-0.13158686610870574,0.24711854138342082,-0.008794884360225574,-0.325159222303046,0.9381440747846913,0.08459214905602283,0.658274115770394,0.7139717078577668,0.9808213246176045,0.5019593511595928,-0.08764532135876825,3.216132775050615,-0.5142302082369984,0.42214167400173436,-0.027127732375812032,-0.8122387680507395,7.552241568693413,0.12104675940121334,0.8239490101116199
