,alpha,beta_Market,beta_HML,beta_SMB,beta_WML,beta_IML,pvalue_alpha,pvalue_Market,pvalue_HML,pvalue_SMB,pvalue_WML,pvalue_IML,tvalue_alpha,tvalue_Market,tvalue_HML,tvalue_SMB,tvalue_WML,tvalue_IML,fvalue,f_pvalue,R_squared_adj
2020-12-31,0.05586364349099042,0.7546538566747805,0.07371492185049022,-1.0867946151328831,-0.4272415159170674,0.6923003762179115,0.2089723388084416,0.06578927722516974,0.7536011330961462,0.135908083780124,0.3478253873121922,0.141163929265428,1.5950259246775802,2.8373625160337217,0.3439191678943964,-2.025687196568701,-1.1103913516594832,1.9864922590003538,11.19204499713311,0.037201030357599134,0.8643153074476062
