,alpha,beta_Market,beta_HML,beta_SMB,beta_WML,beta_IML,pvalue_alpha,pvalue_Market,pvalue_HML,pvalue_SMB,pvalue_WML,pvalue_IML,tvalue_alpha,tvalue_Market,tvalue_HML,tvalue_SMB,tvalue_WML,tvalue_IML,fvalue,f_pvalue,R_squared_adj
2020-12-31,-0.016383212089218537,1.1815105471697906,-0.323220225948304,0.3026220516218736,0.4270293902465597,-0.09195948827041422,0.6312370981895097,0.014914134349561493,0.18448693916043293,0.5664324959550443,0.2956277238308453,0.7834618534131792,-0.5325977357854075,5.057855383401701,-1.7169643388183171,0.6422250630503511,1.2636365034946204,-0.3004350714308302,11.248656899725656,0.03694304425400357,0.8649635976853167
