,alpha,beta_Market,beta_HML,beta_SMB,beta_WML,beta_IML,pvalue_alpha,pvalue_Market,pvalue_HML,pvalue_SMB,pvalue_WML,pvalue_IML,tvalue_alpha,tvalue_Market,tvalue_HML,tvalue_SMB,tvalue_WML,tvalue_IML,fvalue,f_pvalue,R_squared_adj
2020-12-31,0.04386591863610827,0.8612596354728295,0.4448358634398488,-0.7318654704190743,-0.2574547181784805,0.2677030267884031,0.4996163660388959,0.14212448494537971,0.2940471983836058,0.4655237092220412,0.7099623666663266,0.670682591867889,0.7656378429974435,1.9795150063935796,1.268698536864132,-0.8338997359465423,-0.40903564145130594,0.4695731590507494,5.634314605622856,0.09274525723824198,0.7433559097968961
