,alpha,beta_Market,beta_HML,beta_SMB,beta_WML,beta_IML,pvalue_alpha,pvalue_Market,pvalue_HML,pvalue_SMB,pvalue_WML,pvalue_IML,tvalue_alpha,tvalue_Market,tvalue_HML,tvalue_SMB,tvalue_WML,tvalue_IML,fvalue,f_pvalue,R_squared_adj
2020-12-31,-4.2377286609246445e-05,0.6821482068504601,0.24255989771419745,-0.024851860363574674,0.2646166566132214,0.21920457291487794,0.9996299965303621,0.3642473995859719,0.6699222466954056,0.9858361224343403,0.7934264944826271,0.8105245857693987,-0.0005033340718324648,1.066916590351804,0.4707655432974441,-0.019269413900579846,0.2860911981204235,0.2616535398933665,0.9771129880872917,0.5435067761568392,-0.014511967173933993
