,alpha,beta_Market,beta_HML,beta_SMB,beta_WML,beta_IML,pvalue_alpha,pvalue_Market,pvalue_HML,pvalue_SMB,pvalue_WML,pvalue_IML,tvalue_alpha,tvalue_Market,tvalue_HML,tvalue_SMB,tvalue_WML,tvalue_IML,fvalue,f_pvalue,R_squared_adj
2020-12-31,0.12057076973736269,-0.053195555320938115,-0.23707521524016542,0.6371571204487907,-0.9163347736437877,-0.49784384549747884,0.3896939739972376,0.9767241114299965,0.8103625494294812,0.778719283175493,0.49234454118800286,0.749041943783147,1.08954858690696,-0.03292599760961868,-0.2731442805677544,0.3208930808997873,-0.8332943602788533,-0.36664156403203413,0.3799583756252666,0.8343614231157525,-0.794967582568322
