,alpha,beta_Market,beta_HML,beta_SMB,beta_WML,beta_IML,pvalue_alpha,pvalue_Market,pvalue_HML,pvalue_SMB,pvalue_WML,pvalue_IML,tvalue_alpha,tvalue_Market,tvalue_HML,tvalue_SMB,tvalue_WML,tvalue_IML,fvalue,f_pvalue,R_squared_adj
2020-12-31,0.12958496124908928,-0.3838129416754189,0.13245002201066364,0.1978915431544851,-0.7513712217701067,-0.28984606732415485,0.26420299835713545,0.6301627651418116,0.8337209021746499,0.900012321345382,0.5218981174670938,0.7782542386667312,1.370035963535863,-0.53434964018792,0.22881889411011863,0.1365812288944324,-0.7230961613474647,-0.30796303940328995,0.1547310804390394,0.964192751834963,-1.1199603957866073
