,alpha,beta_Market,beta_HML,beta_SMB,beta_WML,beta_IML,pvalue_alpha,pvalue_Market,pvalue_HML,pvalue_SMB,pvalue_WML,pvalue_IML,tvalue_alpha,tvalue_Market,tvalue_HML,tvalue_SMB,tvalue_WML,tvalue_IML,fvalue,f_pvalue,R_squared_adj
2020-12-31,0.08649126214411734,-0.08729271041968611,0.470207112315378,-0.7471201176849918,-0.6964564610581241,0.9129078450939792,0.1526149264154851,0.8163243153588731,0.1888706938043686,0.36105456162852656,0.2566584614985208,0.1363197311116666,1.906739841825677,-0.25341115452824964,1.693834146672103,-1.0752168307563268,-1.397582046033818,2.0225532589992468,5.892263441577089,0.08759015215078078,0.7535528226175415
