,alpha,beta_Market,beta_HML,beta_SMB,beta_WML,beta_IML,pvalue_alpha,pvalue_Market,pvalue_HML,pvalue_SMB,pvalue_WML,pvalue_IML,tvalue_alpha,tvalue_Market,tvalue_HML,tvalue_SMB,tvalue_WML,tvalue_IML,fvalue,f_pvalue,R_squared_adj
2020-12-31,0.051909620184892924,0.26451174572571423,-0.10848385434663382,-0.2513599208335031,-0.1437540036605488,0.18552806890448154,0.015152791552105112,0.043273882199138865,0.18443272954211745,0.21014260887562458,0.29438137986486074,0.16862699390051045,5.028690024684261,3.374275347004325,-1.7172542694320123,-1.589605885592702,-1.2676258828334355,1.8062192210419532,13.357391453159007,0.029100341154008676,0.8853653990167434
