,alpha,beta_Market,beta_HML,beta_SMB,beta_WML,beta_IML,pvalue_alpha,pvalue_Market,pvalue_HML,pvalue_SMB,pvalue_WML,pvalue_IML,tvalue_alpha,tvalue_Market,tvalue_HML,tvalue_SMB,tvalue_WML,tvalue_IML,fvalue,f_pvalue,R_squared_adj
2020-12-31,0.1432539864243442,-0.38279011164530974,-0.4750241707976452,0.17821212426443667,-0.5299679661263537,-0.23251352845655546,0.12543692053946182,0.5117730161438444,0.3360017490577525,0.8748843521474533,0.5287315720200779,0.7534929273207954,2.1094140545506663,-0.742240028613178,-1.1429659978342461,0.17130844877978688,-0.7103442561064836,-0.34407820702997427,0.7434885616381639,0.6407226516428335,-0.19092938018695316
