,alpha,beta_Market,beta_HML,beta_SMB,beta_WML,beta_IML,pvalue_alpha,pvalue_Market,pvalue_HML,pvalue_SMB,pvalue_WML,pvalue_IML,tvalue_alpha,tvalue_Market,tvalue_HML,tvalue_SMB,tvalue_WML,tvalue_IML,fvalue,f_pvalue,R_squared_adj
2020-12-31,0.05450408310251793,0.38691676635325045,-0.11568947347225811,-0.28783739421052823,-0.13579160709033972,0.28492122101974054,0.539542148534141,0.5646214093690162,0.8261700567549819,0.8271907712527597,0.8855211135112417,0.7408622547282049,0.6904354661861157,0.645416621837881,-0.23946959604115287,-0.2380278011869388,-0.1565781352816154,0.3627209760468525,0.47967339389214336,0.7790676920085386,-0.48192963636171227
