,alpha,beta_Market,beta_HML,beta_SMB,beta_WML,beta_IML,pvalue_alpha,pvalue_Market,pvalue_HML,pvalue_SMB,pvalue_WML,pvalue_IML,tvalue_alpha,tvalue_Market,tvalue_HML,tvalue_SMB,tvalue_WML,tvalue_IML,fvalue,f_pvalue,R_squared_adj
2020-12-31,0.05320276233604172,0.4000395079747537,-0.10182430054716085,0.047887488050102345,-0.18426616002520063,0.04166046139556734,0.11776363582726798,0.12016430584835114,0.5449508805638176,0.9063392386499228,0.5419233157780793,0.8749207244867356,2.17624179394744,2.1547872222081113,-0.6805920680409063,0.12787376070446033,-0.686092520289031,0.17125799721023127,6.165678910766188,0.08262608300616019,0.7635122770230893
