,alpha,beta_Market,beta_HML,beta_SMB,beta_WML,beta_IML,pvalue_alpha,pvalue_Market,pvalue_HML,pvalue_SMB,pvalue_WML,pvalue_IML,tvalue_alpha,tvalue_Market,tvalue_HML,tvalue_SMB,tvalue_WML,tvalue_IML,fvalue,f_pvalue,R_squared_adj
2020-12-31,0.036572781434829046,0.48325322391527803,-0.09886839245746673,0.13220135749301054,-0.03535876022913112,-0.07125442440699481,0.12953069945851395,0.03645915175497282,0.4268005668830042,0.6578458134213061,0.8667024141252226,0.7116869623874676,2.0757256018797747,3.6117298105004876,-0.9169209745256609,0.4898174832147217,-0.18267247581779758,-0.4064223738733587,10.363227182896974,0.04135074263695334,0.8540575714333407
