,alpha,beta_Market,beta_HML,beta_SMB,beta_WML,beta_IML,pvalue_alpha,pvalue_Market,pvalue_HML,pvalue_SMB,pvalue_WML,pvalue_IML,tvalue_alpha,tvalue_Market,tvalue_HML,tvalue_SMB,tvalue_WML,tvalue_IML,fvalue,f_pvalue,R_squared_adj
2020-12-31,0.008373114919414802,0.8336176097491741,0.13317329618934698,0.37300417866899904,0.1460764125239774,-0.2862422343679838,0.7234080427289447,0.014604486234684595,0.3867500844630788,0.34046346968754787,0.5806975521194241,0.2739710045057928,0.38875281228062153,5.09661601588198,1.0103366892805077,1.1305417510120304,0.6173489601239508,-1.3355926667823557,20.701237915028287,0.0156460202246641,0.924886994531375
