,alpha,beta_Market,beta_HML,beta_SMB,beta_WML,beta_IML,pvalue_alpha,pvalue_Market,pvalue_HML,pvalue_SMB,pvalue_WML,pvalue_IML,tvalue_alpha,tvalue_Market,tvalue_HML,tvalue_SMB,tvalue_WML,tvalue_IML,fvalue,f_pvalue,R_squared_adj
2020-12-31,0.050738080230308166,0.4374208003741731,-0.2588308710293319,0.12354287466936242,-0.05512861375859332,0.015236029238173465,0.12711891793193483,0.0977205869913711,0.1790230849985833,0.7609978039068487,0.8490909517305938,0.953556408138655,2.095416448899343,2.37883484419016,-1.7466861430946383,0.3330737731867903,-0.20724188052342193,0.06323564256480949,4.910265236761188,0.11027673607142663,0.7096328522761919
