,alpha,beta_Market,beta_HML,beta_SMB,beta_WML,beta_IML,pvalue_alpha,pvalue_Market,pvalue_HML,pvalue_SMB,pvalue_WML,pvalue_IML,tvalue_alpha,tvalue_Market,tvalue_HML,tvalue_SMB,tvalue_WML,tvalue_IML,fvalue,f_pvalue,R_squared_adj
2020-12-31,0.07417700893190607,0.3550438698179026,-0.2257538501118742,-0.01327758577030469,-0.443481470354896,-0.027410187021250088,0.08808424540359347,0.2138493179291289,0.30285021872206697,0.9785712537715516,0.2676056691801023,0.9320152028014663,2.495129456083072,1.5726581397141026,-1.2408560856270068,-0.029156091074623535,-1.3578862147851365,-0.09265942173660616,5.214903608874013,0.10228069503866319,0.7248449660355039
