,alpha,beta_Market,beta_HML,beta_SMB,beta_WML,beta_IML,pvalue_alpha,pvalue_Market,pvalue_HML,pvalue_SMB,pvalue_WML,pvalue_IML,tvalue_alpha,tvalue_Market,tvalue_HML,tvalue_SMB,tvalue_WML,tvalue_IML,fvalue,f_pvalue,R_squared_adj
2020-12-31,-0.0412914854667664,1.2278174122510066,0.014702186644727222,-1.6896120030559527,0.4294029713402432,1.468215205918561,0.428711543078894,0.037454158133237166,0.9609901197500057,0.09266900652957438,0.4511685213027658,0.04708383249657637,-0.9126687837722953,3.5736747200315473,0.053100315869598486,-2.4379572848091007,0.8639365928463958,3.2613411320882046,8.616687073016614,0.05312994301059659,0.8264018310131993
