,alpha,beta_Market,beta_HML,beta_SMB,beta_WML,beta_IML,pvalue_alpha,pvalue_Market,pvalue_HML,pvalue_SMB,pvalue_WML,pvalue_IML,tvalue_alpha,tvalue_Market,tvalue_HML,tvalue_SMB,tvalue_WML,tvalue_IML,fvalue,f_pvalue,R_squared_adj
2020-12-31,0.0354392952210434,0.27986144253032375,0.3128306378048429,-0.35283388355072853,-0.09899396578307668,0.39427669571571106,0.2630252465477711,0.2483096667449762,0.1417448073043562,0.43756189523663186,0.7498545835612852,0.2219927763789403,1.3742802283577347,1.4290974116464956,1.9822662425878974,-0.8931963161523159,-0.34943232605832497,1.5365445295117603,6.283771262911553,0.08062483764411797,0.767569267064335
