,alpha,beta_Market,beta_HML,beta_SMB,beta_WML,beta_IML,pvalue_alpha,pvalue_Market,pvalue_HML,pvalue_SMB,pvalue_WML,pvalue_IML,tvalue_alpha,tvalue_Market,tvalue_HML,tvalue_SMB,tvalue_WML,tvalue_IML,fvalue,f_pvalue,R_squared_adj
2020-12-31,0.026219990236275397,0.28699697222947224,0.24101345633274202,-0.12956410811959185,-0.014381390916967746,0.24901554854638785,0.3368065741732695,0.1986859688958389,0.18516318146725688,0.7373239904422377,0.9581644542726648,0.35591117694126584,1.1407127288767098,1.6441809784775603,1.7133557095362308,-0.36797209755256693,-0.056951974844088774,1.0887396715892261,5.973390787710081,0.08606654286628984,0.7565944195815296
